"year";"nuts_code";"total_pop";"total_cities"
"700";"'AT11";"0";"1"
"700";"'AT123";"2000";"4"
"700";"'AT21";"0";"1"
"700";"'AT22";"0";"1"
"700";"'AT31";"0";"5"
"700";"'AT32";"0";"1"
"700";"'AT33";"1000";"2"
"700";"'AT34";"0";"1"
"700";"'BE10+BE24+BE31";"1000";"8"
"700";"'BE21";"0";"4"
"700";"'BE22";"4000";"3"
"700";"'BE23";"3000";"16"
"700";"'BE25";"1000";"17"
"700";"'BE32";"2000";"8"
"700";"'BE33";"4000";"5"
"700";"'BE34";"1000";"1"
"700";"'BE35";"1000";"2"
"700";"'CH01";"6000";"5"
"700";"'CH02";"2000";"6"
"700";"'CH03";"2000";"1"
"700";"'CH04";"3000";"2"
"700";"'CH05";"1000";"5"
"700";"'CH06";"0";"2"
"700";"'CH07";"1000";"1"
"700";"'DE11";"2000";"8"
"700";"'DE12";"4000";"6"
"700";"'DE13";"2000";"4"
"700";"'DE14";"1000";"6"
"700";"'DE21";"0";"4"
"700";"'DE22";"1000";"3"
"700";"'DE23";"2000";"2"
"700";"'DE24";"0";"4"
"700";"'DE25";"0";"7"
"700";"'DE26";"1000";"3"
"700";"'DE27";"3000";"7"
"700";"'DE30";"0";"3"
"700";"'DE40";"0";"7"
"700";"'DE50";"1000";"2"
"700";"'DE60";"0";"1"
"700";"'DE712";"6000";"10"
"700";"'DE73";"0";"3"
"700";"'DE80";"0";"9"
"700";"'DE912";"0";"12"
"700";"'DE93";"1000";"4"
"700";"'DE94";"1000";"6"
"700";"'DEA1";"2000";"22"
"700";"'DEA2";"7000";"11"
"700";"'DEA3";"0";"8"
"700";"'DEA4";"0";"5"
"700";"'DEA5";"0";"10"
"700";"'DEB1";"3000";"4"
"700";"'DEB2";"5000";"2"
"700";"'DEB3";"5000";"9"
"700";"'DEC0";"1000";"2"
"700";"'DED2";"0";"8"
"700";"'DED4";"0";"11"
"700";"'DED5";"0";"4"
"700";"'DEE0";"0";"18"
"700";"'DEF0";"1000";"11"
"700";"'DEG0";"0";"12"
"700";"'DK01";"0";"2"
"700";"'DK02";"0";"1"
"700";"'DK03";"1000";"3"
"700";"'DK04";"0";"3"
"700";"'DK05";"0";"1"
"700";"'ES11";"8000";"12"
"700";"'ES12";"1000";"4"
"700";"'ES13";"2000";"1"
"700";"'ES21";"2000";"4"
"700";"'ES22";"4000";"3"
"700";"'ES23";"4000";"4"
"700";"'ES24";"8000";"9"
"700";"'ES30";"2000";"10"
"700";"'ES41";"22000";"23"
"700";"'ES42";"16000";"33"
"700";"'ES43";"12000";"17"
"700";"'ES51";"17000";"21"
"700";"'ES52";"15000";"31"
"700";"'ES53";"5000";"5"
"700";"'ES61";"99000";"71"
"700";"'ES62";"6000";"11"
"700";"'ES70";"0";"4"
"700";"'FI19";"0";"3"
"700";"'FI1B";"0";"3"
"700";"'FI1C";"0";"2"
"700";"'FI1D";"0";"1"
"700";"'FR10";"8000";"13"
"700";"'FR21";"12000";"12"
"700";"'FR22";"11000";"9"
"700";"'FR23";"7000";"12"
"700";"'FR24";"21000";"19"
"700";"'FR25";"7000";"15"
"700";"'FR26";"17000";"16"
"700";"'FR30";"12000";"25"
"700";"'FR41";"9000";"12"
"700";"'FR42";"4000";"10"
"700";"'FR43";"5000";"10"
"700";"'FR51";"9000";"17"
"700";"'FR52";"8000";"13"
"700";"'FR53";"8000";"9"
"700";"'FR61";"17000";"19"
"700";"'FR62";"13000";"21"
"700";"'FR63";"3000";"6"
"700";"'FR71";"15000";"20"
"700";"'FR72";"8000";"13"
"700";"'FR81";"20000";"19"
"700";"'FR82";"29000";"26"
"700";"'FR83";"1000";"4"
"700";"'FRJ1";"0";"1"
"700";"'FRL0";"1000";"1"
"700";"'HR03";"0";"2"
"700";"'IE0";"2000";"16"
"700";"'ITC1";"17000";"35"
"700";"'ITC2";"1000";"1"
"700";"'ITC3";"14000";"8"
"700";"'ITC4";"40000";"14"
"700";"'ITF1";"12000";"11"
"700";"'ITF2";"3000";"3"
"700";"'ITF3";"35000";"40"
"700";"'ITF4";"38000";"40"
"700";"'ITF5";"5000";"13"
"700";"'ITF6";"8000";"15"
"700";"'ITG1";"77000";"117"
"700";"'ITG2";"2000";"5"
"700";"'ITH1+ITH2";"2000";"3"
"700";"'ITH3";"18000";"13"
"700";"'ITH4";"1000";"2"
"700";"'ITH5";"36000";"13"
"700";"'ITI1";"18000";"14"
"700";"'ITI2";"13000";"9"
"700";"'ITI3";"15000";"12"
"700";"'ITI4";"61000";"21"
"700";"'NL11";"0";"2"
"700";"'NL12";"0";"5"
"700";"'NL13";"0";"2"
"700";"'NL21";"0";"4"
"700";"'NL22";"1000";"9"
"700";"'NL23";"0";"1"
"700";"'NL31";"1000";"2"
"700";"'NL32";"0";"8"
"700";"'NL33";"0";"11"
"700";"'NL34";"0";"4"
"700";"'NL41";"0";"7"
"700";"'NL42";"2000";"5"
"700";"'NO01";"0";"1"
"700";"'NO03";"0";"3"
"700";"'NO04";"0";"2"
"700";"'NO05";"0";"1"
"700";"'NO06";"0";"1"
"700";"'PT11";"19000";"10"
"700";"'PT15";"7000";"6"
"700";"'PT16";"10000";"13"
"700";"'PT17";"16000";"5"
"700";"'PT18";"7000";"12"
"700";"'PT30";"0";"1"
"700";"'SE11";"0";"1"
"700";"'SE12";"0";"5"
"700";"'SE21";"0";"3"
"700";"'SE22";"0";"3"
"700";"'SE23";"0";"1"
"700";"'SE31";"0";"2"
"700";"'SI02";"0";"1"
"700";"'UKC+UKD";"10000";"39"
"700";"'UKE";"6000";"14"
"700";"'UKF";"5000";"11"
"700";"'UKG";"3000";"26"
"700";"'UKH+UKJ";"16000";"37"
"700";"'UKI";"3000";"6"
"700";"'UKK";"6000";"15"
"700";"'UKL";"0";"2"
"700";"'UKM";"0";"11"
"700";"'UKM5";"0";"1"
"700";"'UKN";"2000";"5"
"800";"'AT11";"0";"1"
"800";"'AT123";"3000";"4"
"800";"'AT21";"0";"1"
"800";"'AT22";"0";"1"
"800";"'AT31";"2000";"5"
"800";"'AT32";"1000";"1"
"800";"'AT33";"2000";"2"
"800";"'AT34";"0";"1"
"800";"'BE10+BE24+BE31";"3000";"8"
"800";"'BE21";"2000";"4"
"800";"'BE22";"4000";"3"
"800";"'BE23";"5000";"16"
"800";"'BE25";"7000";"17"
"800";"'BE32";"4000";"8"
"800";"'BE33";"5000";"5"
"800";"'BE34";"1000";"1"
"800";"'BE35";"2000";"2"
"800";"'CH01";"6000";"5"
"800";"'CH02";"3000";"6"
"800";"'CH03";"2000";"1"
"800";"'CH04";"3000";"2"
"800";"'CH05";"3000";"5"
"800";"'CH06";"0";"2"
"800";"'CH07";"1000";"1"
"800";"'DE11";"5000";"8"
"800";"'DE12";"5000";"6"
"800";"'DE13";"2000";"4"
"800";"'DE14";"2000";"6"
"800";"'DE21";"2000";"4"
"800";"'DE22";"2000";"3"
"800";"'DE23";"3000";"2"
"800";"'DE24";"0";"4"
"800";"'DE25";"0";"7"
"800";"'DE26";"2000";"3"
"800";"'DE27";"6000";"7"
"800";"'DE30";"0";"3"
"800";"'DE40";"0";"7"
"800";"'DE50";"2000";"2"
"800";"'DE60";"1000";"1"
"800";"'DE712";"10000";"10"
"800";"'DE73";"1000";"3"
"800";"'DE80";"0";"9"
"800";"'DE912";"1000";"12"
"800";"'DE93";"2000";"4"
"800";"'DE94";"4000";"6"
"800";"'DEA1";"2000";"22"
"800";"'DEA2";"12000";"11"
"800";"'DEA3";"2000";"8"
"800";"'DEA4";"3000";"5"
"800";"'DEA5";"1000";"10"
"800";"'DEB1";"4000";"4"
"800";"'DEB2";"6000";"2"
"800";"'DEB3";"7000";"9"
"800";"'DEC0";"2000";"2"
"800";"'DED2";"0";"8"
"800";"'DED4";"0";"11"
"800";"'DED5";"0";"4"
"800";"'DEE0";"6000";"18"
"800";"'DEF0";"3000";"11"
"800";"'DEG0";"3000";"12"
"800";"'DK01";"0";"2"
"800";"'DK02";"0";"1"
"800";"'DK03";"1000";"3"
"800";"'DK04";"1000";"3"
"800";"'DK05";"0";"1"
"800";"'ES11";"13000";"12"
"800";"'ES12";"3000";"4"
"800";"'ES13";"2000";"1"
"800";"'ES21";"4000";"4"
"800";"'ES22";"4000";"3"
"800";"'ES23";"7000";"4"
"800";"'ES24";"19000";"9"
"800";"'ES30";"2000";"10"
"800";"'ES41";"30000";"23"
"800";"'ES42";"37000";"33"
"800";"'ES43";"33000";"17"
"800";"'ES51";"21000";"21"
"800";"'ES52";"26000";"31"
"800";"'ES53";"7000";"5"
"800";"'ES61";"208000";"71"
"800";"'ES62";"10000";"11"
"800";"'ES70";"0";"4"
"800";"'FI19";"0";"3"
"800";"'FI1B";"0";"3"
"800";"'FI1C";"0";"2"
"800";"'FI1D";"0";"1"
"800";"'FR10";"12000";"13"
"800";"'FR21";"17000";"12"
"800";"'FR22";"14000";"9"
"800";"'FR23";"10000";"12"
"800";"'FR24";"29000";"19"
"800";"'FR25";"11000";"15"
"800";"'FR26";"22000";"16"
"800";"'FR30";"17000";"25"
"800";"'FR41";"15000";"12"
"800";"'FR42";"7000";"10"
"800";"'FR43";"7000";"10"
"800";"'FR51";"13000";"17"
"800";"'FR52";"10000";"13"
"800";"'FR53";"12000";"9"
"800";"'FR61";"21000";"19"
"800";"'FR62";"21000";"21"
"800";"'FR63";"3000";"6"
"800";"'FR71";"19000";"20"
"800";"'FR72";"10000";"13"
"800";"'FR81";"23000";"19"
"800";"'FR82";"34000";"26"
"800";"'FR83";"2000";"4"
"800";"'FRJ1";"0";"1"
"800";"'FRL0";"1000";"1"
"800";"'HR03";"1000";"2"
"800";"'IE0";"7000";"16"
"800";"'ITC1";"22000";"35"
"800";"'ITC2";"1000";"1"
"800";"'ITC3";"16000";"8"
"800";"'ITC4";"50000";"14"
"800";"'ITF1";"12000";"11"
"800";"'ITF2";"3000";"3"
"800";"'ITF3";"47000";"40"
"800";"'ITF4";"46000";"40"
"800";"'ITF5";"6000";"13"
"800";"'ITF6";"13000";"15"
"800";"'ITG1";"90000";"117"
"800";"'ITG2";"3000";"5"
"800";"'ITH1+ITH2";"4000";"3"
"800";"'ITH3";"30000";"13"
"800";"'ITH4";"1000";"2"
"800";"'ITH5";"44000";"13"
"800";"'ITI1";"25000";"14"
"800";"'ITI2";"19000";"9"
"800";"'ITI3";"18000";"12"
"800";"'ITI4";"63000";"21"
"800";"'NL11";"0";"2"
"800";"'NL12";"1000";"5"
"800";"'NL13";"0";"2"
"800";"'NL21";"1000";"4"
"800";"'NL22";"5000";"9"
"800";"'NL23";"0";"1"
"800";"'NL31";"2000";"2"
"800";"'NL32";"0";"8"
"800";"'NL33";"0";"11"
"800";"'NL34";"1000";"4"
"800";"'NL41";"0";"7"
"800";"'NL42";"3000";"5"
"800";"'NO01";"0";"1"
"800";"'NO03";"0";"3"
"800";"'NO04";"0";"2"
"800";"'NO05";"0";"1"
"800";"'NO06";"0";"1"
"800";"'PT11";"19000";"10"
"800";"'PT15";"11000";"6"
"800";"'PT16";"13000";"13"
"800";"'PT17";"18000";"5"
"800";"'PT18";"10000";"12"
"800";"'PT30";"0";"1"
"800";"'SE11";"0";"1"
"800";"'SE12";"0";"5"
"800";"'SE21";"0";"3"
"800";"'SE22";"0";"3"
"800";"'SE23";"0";"1"
"800";"'SE31";"0";"2"
"800";"'SI02";"0";"1"
"800";"'UKC+UKD";"10000";"39"
"800";"'UKE";"7000";"14"
"800";"'UKF";"7000";"11"
"800";"'UKG";"6000";"26"
"800";"'UKH+UKJ";"23000";"37"
"800";"'UKI";"6000";"6"
"800";"'UKK";"7000";"15"
"800";"'UKL";"0";"2"
"800";"'UKM";"0";"11"
"800";"'UKM5";"0";"1"
"800";"'UKN";"5000";"5"
"900";"'AT11";"0";"1"
"900";"'AT123";"7000";"4"
"900";"'AT21";"0";"1"
"900";"'AT22";"0";"1"
"900";"'AT31";"3000";"5"
"900";"'AT32";"1000";"1"
"900";"'AT33";"2000";"2"
"900";"'AT34";"1000";"1"
"900";"'BE10+BE24+BE31";"4000";"8"
"900";"'BE21";"2000";"4"
"900";"'BE22";"4000";"3"
"900";"'BE23";"8000";"16"
"900";"'BE25";"11000";"17"
"900";"'BE32";"6000";"8"
"900";"'BE33";"6000";"5"
"900";"'BE34";"1000";"1"
"900";"'BE35";"3000";"2"
"900";"'CH01";"8000";"5"
"900";"'CH02";"3000";"6"
"900";"'CH03";"3000";"1"
"900";"'CH04";"3000";"2"
"900";"'CH05";"4000";"5"
"900";"'CH06";"1000";"2"
"900";"'CH07";"1000";"1"
"900";"'DE11";"5000";"8"
"900";"'DE12";"8000";"6"
"900";"'DE13";"3000";"4"
"900";"'DE14";"3000";"6"
"900";"'DE21";"3000";"4"
"900";"'DE22";"2000";"3"
"900";"'DE23";"5000";"2"
"900";"'DE24";"1000";"4"
"900";"'DE25";"0";"7"
"900";"'DE26";"3000";"3"
"900";"'DE27";"8000";"7"
"900";"'DE30";"0";"3"
"900";"'DE40";"1000";"7"
"900";"'DE50";"2000";"2"
"900";"'DE60";"1000";"1"
"900";"'DE712";"12000";"10"
"900";"'DE73";"2000";"3"
"900";"'DE80";"1000";"9"
"900";"'DE912";"4000";"12"
"900";"'DE93";"3000";"4"
"900";"'DE94";"6000";"6"
"900";"'DEA1";"5000";"22"
"900";"'DEA2";"16000";"11"
"900";"'DEA3";"3000";"8"
"900";"'DEA4";"4000";"5"
"900";"'DEA5";"5000";"10"
"900";"'DEB1";"7000";"4"
"900";"'DEB2";"7000";"2"
"900";"'DEB3";"11000";"9"
"900";"'DEC0";"2000";"2"
"900";"'DED2";"1000";"8"
"900";"'DED4";"0";"11"
"900";"'DED5";"2000";"4"
"900";"'DEE0";"12000";"18"
"900";"'DEF0";"4000";"11"
"900";"'DEG0";"7000";"12"
"900";"'DK01";"0";"2"
"900";"'DK02";"0";"1"
"900";"'DK03";"2000";"3"
"900";"'DK04";"1000";"3"
"900";"'DK05";"0";"1"
"900";"'ES11";"17000";"12"
"900";"'ES12";"5000";"4"
"900";"'ES13";"2000";"1"
"900";"'ES21";"4000";"4"
"900";"'ES22";"6000";"3"
"900";"'ES23";"8000";"4"
"900";"'ES24";"23000";"9"
"900";"'ES30";"3000";"10"
"900";"'ES41";"49000";"23"
"900";"'ES42";"47000";"33"
"900";"'ES43";"52000";"17"
"900";"'ES51";"28000";"21"
"900";"'ES52";"35000";"31"
"900";"'ES53";"9000";"5"
"900";"'ES61";"302000";"71"
"900";"'ES62";"22000";"11"
"900";"'ES70";"0";"4"
"900";"'FI19";"0";"3"
"900";"'FI1B";"0";"3"
"900";"'FI1C";"0";"2"
"900";"'FI1D";"0";"1"
"900";"'FR10";"19000";"13"
"900";"'FR21";"20000";"12"
"900";"'FR22";"20000";"9"
"900";"'FR23";"12000";"12"
"900";"'FR24";"34000";"19"
"900";"'FR25";"15000";"15"
"900";"'FR26";"27000";"16"
"900";"'FR30";"28000";"25"
"900";"'FR41";"16000";"12"
"900";"'FR42";"10000";"10"
"900";"'FR43";"10000";"10"
"900";"'FR51";"16000";"17"
"900";"'FR52";"14000";"13"
"900";"'FR53";"16000";"9"
"900";"'FR61";"28000";"19"
"900";"'FR62";"27000";"21"
"900";"'FR63";"6000";"6"
"900";"'FR71";"23000";"20"
"900";"'FR72";"15000";"13"
"900";"'FR81";"30000";"19"
"900";"'FR82";"40000";"26"
"900";"'FR83";"3000";"4"
"900";"'FRJ1";"0";"1"
"900";"'FRL0";"1000";"1"
"900";"'HR03";"2000";"2"
"900";"'IE0";"10000";"16"
"900";"'ITC1";"26000";"35"
"900";"'ITC2";"2000";"1"
"900";"'ITC3";"19000";"8"
"900";"'ITC4";"64000";"14"
"900";"'ITF1";"18000";"11"
"900";"'ITF2";"2000";"3"
"900";"'ITF3";"59000";"40"
"900";"'ITF4";"50000";"40"
"900";"'ITF5";"8000";"13"
"900";"'ITF6";"15000";"15"
"900";"'ITG1";"131000";"117"
"900";"'ITG2";"3000";"5"
"900";"'ITH1+ITH2";"4000";"3"
"900";"'ITH3";"41000";"13"
"900";"'ITH4";"1000";"2"
"900";"'ITH5";"55000";"13"
"900";"'ITI1";"35000";"14"
"900";"'ITI2";"21000";"9"
"900";"'ITI3";"23000";"12"
"900";"'ITI4";"65000";"21"
"900";"'NL11";"0";"2"
"900";"'NL12";"1000";"5"
"900";"'NL13";"0";"2"
"900";"'NL21";"2000";"4"
"900";"'NL22";"7000";"9"
"900";"'NL23";"0";"1"
"900";"'NL31";"2000";"2"
"900";"'NL32";"0";"8"
"900";"'NL33";"1000";"11"
"900";"'NL34";"1000";"4"
"900";"'NL41";"0";"7"
"900";"'NL42";"3000";"5"
"900";"'NO01";"0";"1"
"900";"'NO03";"0";"3"
"900";"'NO04";"0";"2"
"900";"'NO05";"0";"1"
"900";"'NO06";"0";"1"
"900";"'PT11";"22000";"10"
"900";"'PT15";"12000";"6"
"900";"'PT16";"16000";"13"
"900";"'PT17";"18000";"5"
"900";"'PT18";"11000";"12"
"900";"'PT30";"0";"1"
"900";"'SE11";"0";"1"
"900";"'SE12";"0";"5"
"900";"'SE21";"0";"3"
"900";"'SE22";"0";"3"
"900";"'SE23";"0";"1"
"900";"'SE31";"0";"2"
"900";"'SI02";"0";"1"
"900";"'UKC+UKD";"11000";"39"
"900";"'UKE";"10000";"14"
"900";"'UKF";"10000";"11"
"900";"'UKG";"10000";"26"
"900";"'UKH+UKJ";"25000";"37"
"900";"'UKI";"8000";"6"
"900";"'UKK";"9000";"15"
"900";"'UKL";"0";"2"
"900";"'UKM";"2000";"11"
"900";"'UKM5";"0";"1"
"900";"'UKN";"5000";"5"
"1000";"'AT11";"0";"1"
"1000";"'AT123";"10000";"4"
"1000";"'AT21";"0";"1"
"1000";"'AT22";"0";"1"
"1000";"'AT31";"4000";"5"
"1000";"'AT32";"2000";"1"
"1000";"'AT33";"3000";"2"
"1000";"'AT34";"1000";"1"
"1000";"'BE10+BE24+BE31";"9000";"8"
"1000";"'BE21";"4000";"4"
"1000";"'BE22";"7000";"3"
"1000";"'BE23";"16000";"16"
"1000";"'BE25";"15000";"17"
"1000";"'BE32";"8000";"8"
"1000";"'BE33";"9000";"5"
"1000";"'BE34";"1000";"1"
"1000";"'BE35";"4000";"2"
"1000";"'CH01";"8000";"5"
"1000";"'CH02";"4000";"6"
"1000";"'CH03";"3000";"1"
"1000";"'CH04";"4000";"2"
"1000";"'CH05";"6000";"5"
"1000";"'CH06";"2000";"2"
"1000";"'CH07";"1000";"1"
"1000";"'DE11";"8000";"8"
"1000";"'DE12";"8000";"6"
"1000";"'DE13";"4000";"4"
"1000";"'DE14";"5000";"6"
"1000";"'DE21";"5000";"4"
"1000";"'DE22";"3000";"3"
"1000";"'DE23";"7000";"2"
"1000";"'DE24";"2000";"4"
"1000";"'DE25";"4000";"7"
"1000";"'DE26";"2000";"3"
"1000";"'DE27";"12000";"7"
"1000";"'DE30";"1000";"3"
"1000";"'DE40";"3000";"7"
"1000";"'DE50";"4000";"2"
"1000";"'DE60";"2000";"1"
"1000";"'DE712";"15000";"10"
"1000";"'DE73";"3000";"3"
"1000";"'DE80";"2000";"9"
"1000";"'DE912";"9000";"12"
"1000";"'DE93";"5000";"4"
"1000";"'DE94";"9000";"6"
"1000";"'DEA1";"10000";"22"
"1000";"'DEA2";"24000";"11"
"1000";"'DEA3";"6000";"8"
"1000";"'DEA4";"6000";"5"
"1000";"'DEA5";"9000";"10"
"1000";"'DEB1";"7000";"4"
"1000";"'DEB2";"10000";"2"
"1000";"'DEB3";"14000";"9"
"1000";"'DEC0";"2000";"2"
"1000";"'DED2";"2000";"8"
"1000";"'DED4";"1000";"11"
"1000";"'DED5";"4000";"4"
"1000";"'DEE0";"23000";"18"
"1000";"'DEF0";"6000";"11"
"1000";"'DEG0";"13000";"12"
"1000";"'DK01";"1000";"2"
"1000";"'DK02";"2000";"1"
"1000";"'DK03";"2000";"3"
"1000";"'DK04";"2000";"3"
"1000";"'DK05";"0";"1"
"1000";"'ES11";"18000";"12"
"1000";"'ES12";"7000";"4"
"1000";"'ES13";"3000";"1"
"1000";"'ES21";"4000";"4"
"1000";"'ES22";"9000";"3"
"1000";"'ES23";"8000";"4"
"1000";"'ES24";"24000";"9"
"1000";"'ES30";"6000";"10"
"1000";"'ES41";"79000";"23"
"1000";"'ES42";"61000";"33"
"1000";"'ES43";"55000";"17"
"1000";"'ES51";"39000";"21"
"1000";"'ES52";"47000";"31"
"1000";"'ES53";"11000";"5"
"1000";"'ES61";"372000";"71"
"1000";"'ES62";"45000";"11"
"1000";"'ES70";"0";"4"
"1000";"'FI19";"0";"3"
"1000";"'FI1B";"0";"3"
"1000";"'FI1C";"0";"2"
"1000";"'FI1D";"0";"1"
"1000";"'FR10";"27000";"13"
"1000";"'FR21";"24000";"12"
"1000";"'FR22";"23000";"9"
"1000";"'FR23";"23000";"12"
"1000";"'FR24";"45000";"19"
"1000";"'FR25";"20000";"15"
"1000";"'FR26";"34000";"16"
"1000";"'FR30";"36000";"25"
"1000";"'FR41";"22000";"12"
"1000";"'FR42";"14000";"10"
"1000";"'FR43";"12000";"10"
"1000";"'FR51";"23000";"17"
"1000";"'FR52";"18000";"13"
"1000";"'FR53";"19000";"9"
"1000";"'FR61";"33000";"19"
"1000";"'FR62";"40000";"21"
"1000";"'FR63";"7000";"6"
"1000";"'FR71";"29000";"20"
"1000";"'FR72";"20000";"13"
"1000";"'FR81";"37000";"19"
"1000";"'FR82";"53000";"26"
"1000";"'FR83";"4000";"4"
"1000";"'FRJ1";"0";"1"
"1000";"'FRL0";"2000";"1"
"1000";"'HR03";"2000";"2"
"1000";"'IE0";"15000";"16"
"1000";"'ITC1";"35000";"35"
"1000";"'ITC2";"2000";"1"
"1000";"'ITC3";"24000";"8"
"1000";"'ITC4";"83000";"14"
"1000";"'ITF1";"19000";"11"
"1000";"'ITF2";"4000";"3"
"1000";"'ITF3";"81000";"40"
"1000";"'ITF4";"64000";"40"
"1000";"'ITF5";"14000";"13"
"1000";"'ITF6";"21000";"15"
"1000";"'ITG1";"194000";"117"
"1000";"'ITG2";"4000";"5"
"1000";"'ITH1+ITH2";"4000";"3"
"1000";"'ITH3";"58000";"13"
"1000";"'ITH4";"3000";"2"
"1000";"'ITH5";"76000";"13"
"1000";"'ITI1";"50000";"14"
"1000";"'ITI2";"25000";"9"
"1000";"'ITI3";"27000";"12"
"1000";"'ITI4";"65000";"21"
"1000";"'NL11";"1000";"2"
"1000";"'NL12";"3000";"5"
"1000";"'NL13";"0";"2"
"1000";"'NL21";"4000";"4"
"1000";"'NL22";"10000";"9"
"1000";"'NL23";"0";"1"
"1000";"'NL31";"3000";"2"
"1000";"'NL32";"2000";"8"
"1000";"'NL33";"3000";"11"
"1000";"'NL34";"2000";"4"
"1000";"'NL41";"0";"7"
"1000";"'NL42";"4000";"5"
"1000";"'NO01";"0";"1"
"1000";"'NO03";"0";"3"
"1000";"'NO04";"0";"2"
"1000";"'NO05";"1000";"1"
"1000";"'NO06";"1000";"1"
"1000";"'PT11";"24000";"10"
"1000";"'PT15";"11000";"6"
"1000";"'PT16";"20000";"13"
"1000";"'PT17";"18000";"5"
"1000";"'PT18";"15000";"12"
"1000";"'PT30";"0";"1"
"1000";"'SE11";"0";"1"
"1000";"'SE12";"1000";"5"
"1000";"'SE21";"1000";"3"
"1000";"'SE22";"0";"3"
"1000";"'SE23";"0";"1"
"1000";"'SE31";"0";"2"
"1000";"'SI02";"1000";"1"
"1000";"'UKC+UKD";"17000";"39"
"1000";"'UKE";"12000";"14"
"1000";"'UKF";"15000";"11"
"1000";"'UKG";"17000";"26"
"1000";"'UKH+UKJ";"30000";"37"
"1000";"'UKI";"13000";"6"
"1000";"'UKK";"13000";"15"
"1000";"'UKL";"0";"2"
"1000";"'UKM";"4000";"11"
"1000";"'UKM5";"0";"1"
"1000";"'UKN";"7000";"5"
"1100";"'AT11";"1000";"1"
"1100";"'AT123";"13000";"4"
"1100";"'AT21";"0";"1"
"1100";"'AT22";"1000";"1"
"1100";"'AT31";"6000";"5"
"1100";"'AT32";"3000";"1"
"1100";"'AT33";"3000";"2"
"1100";"'AT34";"1000";"1"
"1100";"'BE10+BE24+BE31";"16000";"8"
"1100";"'BE21";"6000";"4"
"1100";"'BE22";"7000";"3"
"1100";"'BE23";"24000";"16"
"1100";"'BE25";"27000";"17"
"1100";"'BE32";"12000";"8"
"1100";"'BE33";"12000";"5"
"1100";"'BE34";"1000";"1"
"1100";"'BE35";"5000";"2"
"1100";"'CH01";"11000";"5"
"1100";"'CH02";"5000";"6"
"1100";"'CH03";"4000";"1"
"1100";"'CH04";"6000";"2"
"1100";"'CH05";"7000";"5"
"1100";"'CH06";"2000";"2"
"1100";"'CH07";"1000";"1"
"1100";"'DE11";"9000";"8"
"1100";"'DE12";"9000";"6"
"1100";"'DE13";"7000";"4"
"1100";"'DE14";"10000";"6"
"1100";"'DE21";"8000";"4"
"1100";"'DE22";"3000";"3"
"1100";"'DE23";"12000";"2"
"1100";"'DE24";"6000";"4"
"1100";"'DE25";"8000";"7"
"1100";"'DE26";"3000";"3"
"1100";"'DE27";"18000";"7"
"1100";"'DE30";"2000";"3"
"1100";"'DE40";"5000";"7"
"1100";"'DE50";"6000";"2"
"1100";"'DE60";"2000";"1"
"1100";"'DE712";"21000";"10"
"1100";"'DE73";"6000";"3"
"1100";"'DE80";"5000";"9"
"1100";"'DE912";"15000";"12"
"1100";"'DE93";"9000";"4"
"1100";"'DE94";"14000";"6"
"1100";"'DEA1";"20000";"22"
"1100";"'DEA2";"39000";"11"
"1100";"'DEA3";"12000";"8"
"1100";"'DEA4";"9000";"5"
"1100";"'DEA5";"13000";"10"
"1100";"'DEB1";"9000";"4"
"1100";"'DEB2";"12000";"2"
"1100";"'DEB3";"18000";"9"
"1100";"'DEC0";"2000";"2"
"1100";"'DED2";"5000";"8"
"1100";"'DED4";"5000";"11"
"1100";"'DED5";"5000";"4"
"1100";"'DEE0";"37000";"18"
"1100";"'DEF0";"9000";"11"
"1100";"'DEG0";"19000";"12"
"1100";"'DK01";"2000";"2"
"1100";"'DK02";"7000";"1"
"1100";"'DK03";"3000";"3"
"1100";"'DK04";"2000";"3"
"1100";"'DK05";"0";"1"
"1100";"'ES11";"23000";"12"
"1100";"'ES12";"8000";"4"
"1100";"'ES13";"4000";"1"
"1100";"'ES21";"5000";"4"
"1100";"'ES22";"11000";"3"
"1100";"'ES23";"9000";"4"
"1100";"'ES24";"29000";"9"
"1100";"'ES30";"9000";"10"
"1100";"'ES41";"105000";"23"
"1100";"'ES42";"68000";"33"
"1100";"'ES43";"52000";"17"
"1100";"'ES51";"56000";"21"
"1100";"'ES52";"60000";"31"
"1100";"'ES53";"15000";"5"
"1100";"'ES61";"394000";"71"
"1100";"'ES62";"45000";"11"
"1100";"'ES70";"0";"4"
"1100";"'FI19";"0";"3"
"1100";"'FI1B";"0";"3"
"1100";"'FI1C";"0";"2"
"1100";"'FI1D";"0";"1"
"1100";"'FR10";"38000";"13"
"1100";"'FR21";"30000";"12"
"1100";"'FR22";"29000";"9"
"1100";"'FR23";"26000";"12"
"1100";"'FR24";"55000";"19"
"1100";"'FR25";"25000";"15"
"1100";"'FR26";"45000";"16"
"1100";"'FR30";"57000";"25"
"1100";"'FR41";"25000";"12"
"1100";"'FR42";"23000";"10"
"1100";"'FR43";"15000";"10"
"1100";"'FR51";"32000";"17"
"1100";"'FR52";"23000";"13"
"1100";"'FR53";"27000";"9"
"1100";"'FR61";"40000";"19"
"1100";"'FR62";"50000";"21"
"1100";"'FR63";"8000";"6"
"1100";"'FR71";"36000";"20"
"1100";"'FR72";"24000";"13"
"1100";"'FR81";"46000";"19"
"1100";"'FR82";"64000";"26"
"1100";"'FR83";"5000";"4"
"1100";"'FRJ1";"0";"1"
"1100";"'FRL0";"2000";"1"
"1100";"'HR03";"3000";"2"
"1100";"'IE0";"22000";"16"
"1100";"'ITC1";"47000";"35"
"1100";"'ITC2";"2000";"1"
"1100";"'ITC3";"31000";"8"
"1100";"'ITC4";"114000";"14"
"1100";"'ITF1";"22000";"11"
"1100";"'ITF2";"5000";"3"
"1100";"'ITF3";"98000";"40"
"1100";"'ITF4";"82000";"40"
"1100";"'ITF5";"18000";"13"
"1100";"'ITF6";"29000";"15"
"1100";"'ITG1";"217000";"117"
"1100";"'ITG2";"6000";"5"
"1100";"'ITH1+ITH2";"5000";"3"
"1100";"'ITH3";"83000";"13"
"1100";"'ITH4";"4000";"2"
"1100";"'ITH5";"101000";"13"
"1100";"'ITI1";"68000";"14"
"1100";"'ITI2";"31000";"9"
"1100";"'ITI3";"29000";"12"
"1100";"'ITI4";"72000";"21"
"1100";"'NL11";"2000";"2"
"1100";"'NL12";"5000";"5"
"1100";"'NL13";"0";"2"
"1100";"'NL21";"5000";"4"
"1100";"'NL22";"11000";"9"
"1100";"'NL23";"0";"1"
"1100";"'NL31";"4000";"2"
"1100";"'NL32";"4000";"8"
"1100";"'NL33";"6000";"11"
"1100";"'NL34";"3000";"4"
"1100";"'NL41";"2000";"7"
"1100";"'NL42";"5000";"5"
"1100";"'NO01";"1000";"1"
"1100";"'NO03";"0";"3"
"1100";"'NO04";"1000";"2"
"1100";"'NO05";"2000";"1"
"1100";"'NO06";"1000";"1"
"1100";"'PT11";"27000";"10"
"1100";"'PT15";"13000";"6"
"1100";"'PT16";"22000";"13"
"1100";"'PT17";"19000";"5"
"1100";"'PT18";"20000";"12"
"1100";"'PT30";"0";"1"
"1100";"'SE11";"0";"1"
"1100";"'SE12";"1000";"5"
"1100";"'SE21";"2000";"3"
"1100";"'SE22";"1000";"3"
"1100";"'SE23";"0";"1"
"1100";"'SE31";"0";"2"
"1100";"'SI02";"1000";"1"
"1100";"'UKC+UKD";"31000";"39"
"1100";"'UKE";"19000";"14"
"1100";"'UKF";"20000";"11"
"1100";"'UKG";"27000";"26"
"1100";"'UKH+UKJ";"51000";"37"
"1100";"'UKI";"17000";"6"
"1100";"'UKK";"17000";"15"
"1100";"'UKL";"1000";"2"
"1100";"'UKM";"10000";"11"
"1100";"'UKM5";"1000";"1"
"1100";"'UKN";"8000";"5"
"1200";"'AT11";"1000";"1"
"1200";"'AT123";"21000";"4"
"1200";"'AT21";"1000";"1"
"1200";"'AT22";"2000";"1"
"1200";"'AT31";"8000";"5"
"1200";"'AT32";"5000";"1"
"1200";"'AT33";"4000";"2"
"1200";"'AT34";"1000";"1"
"1200";"'BE10+BE24+BE31";"27000";"8"
"1200";"'BE21";"8000";"4"
"1200";"'BE22";"9000";"3"
"1200";"'BE23";"49000";"16"
"1200";"'BE25";"37000";"17"
"1200";"'BE32";"26000";"8"
"1200";"'BE33";"18000";"5"
"1200";"'BE34";"2000";"1"
"1200";"'BE35";"7000";"2"
"1200";"'CH01";"13000";"5"
"1200";"'CH02";"9000";"6"
"1200";"'CH03";"5000";"1"
"1200";"'CH04";"7000";"2"
"1200";"'CH05";"10000";"5"
"1200";"'CH06";"4000";"2"
"1200";"'CH07";"2000";"1"
"1200";"'DE11";"16000";"8"
"1200";"'DE12";"8000";"6"
"1200";"'DE13";"13000";"4"
"1200";"'DE14";"12000";"6"
"1200";"'DE21";"13000";"4"
"1200";"'DE22";"4000";"3"
"1200";"'DE23";"17000";"2"
"1200";"'DE24";"12000";"4"
"1200";"'DE25";"15000";"7"
"1200";"'DE26";"7000";"3"
"1200";"'DE27";"26000";"7"
"1200";"'DE30";"4000";"3"
"1200";"'DE40";"10000";"7"
"1200";"'DE50";"8000";"2"
"1200";"'DE60";"2000";"1"
"1200";"'DE712";"26000";"10"
"1200";"'DE73";"6000";"3"
"1200";"'DE80";"14000";"9"
"1200";"'DE912";"33000";"12"
"1200";"'DE93";"13000";"4"
"1200";"'DE94";"18000";"6"
"1200";"'DEA1";"27000";"22"
"1200";"'DEA2";"67000";"11"
"1200";"'DEA3";"17000";"8"
"1200";"'DEA4";"14000";"5"
"1200";"'DEA5";"25000";"10"
"1200";"'DEB1";"10000";"4"
"1200";"'DEB2";"14000";"2"
"1200";"'DEB3";"27000";"9"
"1200";"'DEC0";"3000";"2"
"1200";"'DED2";"13000";"8"
"1200";"'DED4";"10000";"11"
"1200";"'DED5";"7000";"4"
"1200";"'DEE0";"58000";"18"
"1200";"'DEF0";"21000";"11"
"1200";"'DEG0";"34000";"12"
"1200";"'DK01";"4000";"2"
"1200";"'DK02";"7000";"1"
"1200";"'DK03";"4000";"3"
"1200";"'DK04";"3000";"3"
"1200";"'DK05";"1000";"1"
"1200";"'ES11";"30000";"12"
"1200";"'ES12";"10000";"4"
"1200";"'ES13";"5000";"1"
"1200";"'ES21";"8000";"4"
"1200";"'ES22";"13000";"3"
"1200";"'ES23";"11000";"4"
"1200";"'ES24";"35000";"9"
"1200";"'ES30";"13000";"10"
"1200";"'ES41";"150000";"23"
"1200";"'ES42";"91000";"33"
"1200";"'ES43";"51000";"17"
"1200";"'ES51";"80000";"21"
"1200";"'ES52";"84000";"31"
"1200";"'ES53";"22000";"5"
"1200";"'ES61";"402000";"71"
"1200";"'ES62";"50000";"11"
"1200";"'ES70";"0";"4"
"1200";"'FI19";"0";"3"
"1200";"'FI1B";"0";"3"
"1200";"'FI1C";"0";"2"
"1200";"'FI1D";"0";"1"
"1200";"'FR10";"61000";"13"
"1200";"'FR21";"35000";"12"
"1200";"'FR22";"37000";"9"
"1200";"'FR23";"34000";"12"
"1200";"'FR24";"78000";"19"
"1200";"'FR25";"32000";"15"
"1200";"'FR26";"62000";"16"
"1200";"'FR30";"93000";"25"
"1200";"'FR41";"35000";"12"
"1200";"'FR42";"34000";"10"
"1200";"'FR43";"21000";"10"
"1200";"'FR51";"40000";"17"
"1200";"'FR52";"32000";"13"
"1200";"'FR53";"33000";"9"
"1200";"'FR61";"50000";"19"
"1200";"'FR62";"74000";"21"
"1200";"'FR63";"11000";"6"
"1200";"'FR71";"51000";"20"
"1200";"'FR72";"31000";"13"
"1200";"'FR81";"64000";"19"
"1200";"'FR82";"78000";"26"
"1200";"'FR83";"7000";"4"
"1200";"'FRJ1";"0";"1"
"1200";"'FRL0";"2000";"1"
"1200";"'HR03";"4000";"2"
"1200";"'IE0";"40000";"16"
"1200";"'ITC1";"78000";"35"
"1200";"'ITC2";"3000";"1"
"1200";"'ITC3";"46000";"8"
"1200";"'ITC4";"177000";"14"
"1200";"'ITF1";"25000";"11"
"1200";"'ITF2";"5000";"3"
"1200";"'ITF3";"129000";"40"
"1200";"'ITF4";"117000";"40"
"1200";"'ITF5";"26000";"13"
"1200";"'ITF6";"31000";"15"
"1200";"'ITG1";"267000";"117"
"1200";"'ITG2";"9000";"5"
"1200";"'ITH1+ITH2";"7000";"3"
"1200";"'ITH3";"122000";"13"
"1200";"'ITH4";"6000";"2"
"1200";"'ITH5";"145000";"13"
"1200";"'ITI1";"102000";"14"
"1200";"'ITI2";"41000";"9"
"1200";"'ITI3";"37000";"12"
"1200";"'ITI4";"99000";"21"
"1200";"'NL11";"3000";"2"
"1200";"'NL12";"5000";"5"
"1200";"'NL13";"1000";"2"
"1200";"'NL21";"9000";"4"
"1200";"'NL22";"16000";"9"
"1200";"'NL23";"0";"1"
"1200";"'NL31";"5000";"2"
"1200";"'NL32";"8000";"8"
"1200";"'NL33";"17000";"11"
"1200";"'NL34";"5000";"4"
"1200";"'NL41";"7000";"7"
"1200";"'NL42";"7000";"5"
"1200";"'NO01";"1000";"1"
"1200";"'NO03";"0";"3"
"1200";"'NO04";"1000";"2"
"1200";"'NO05";"4000";"1"
"1200";"'NO06";"1000";"1"
"1200";"'PT11";"29000";"10"
"1200";"'PT15";"15000";"6"
"1200";"'PT16";"31000";"13"
"1200";"'PT17";"21000";"5"
"1200";"'PT18";"27000";"12"
"1200";"'PT30";"0";"1"
"1200";"'SE11";"1000";"1"
"1200";"'SE12";"5000";"5"
"1200";"'SE21";"3000";"3"
"1200";"'SE22";"1000";"3"
"1200";"'SE23";"0";"1"
"1200";"'SE31";"0";"2"
"1200";"'SI02";"2000";"1"
"1200";"'UKC+UKD";"37000";"39"
"1200";"'UKE";"26000";"14"
"1200";"'UKF";"25000";"11"
"1200";"'UKG";"38000";"26"
"1200";"'UKH+UKJ";"70000";"37"
"1200";"'UKI";"44000";"6"
"1200";"'UKK";"24000";"15"
"1200";"'UKL";"1000";"2"
"1200";"'UKM";"14000";"11"
"1200";"'UKM5";"2000";"1"
"1200";"'UKN";"10000";"5"
"1300";"'AT11";"2000";"1"
"1300";"'AT123";"26000";"4"
"1300";"'AT21";"1000";"1"
"1300";"'AT22";"5000";"1"
"1300";"'AT31";"12000";"5"
"1300";"'AT32";"6000";"1"
"1300";"'AT33";"6000";"2"
"1300";"'AT34";"1000";"1"
"1300";"'BE10+BE24+BE31";"54000";"8"
"1300";"'BE21";"25000";"4"
"1300";"'BE22";"12000";"3"
"1300";"'BE23";"105000";"16"
"1300";"'BE25";"83000";"17"
"1300";"'BE32";"36000";"8"
"1300";"'BE33";"20000";"5"
"1300";"'BE34";"1000";"1"
"1300";"'BE35";"10000";"2"
"1300";"'CH01";"16000";"5"
"1300";"'CH02";"10000";"6"
"1300";"'CH03";"7000";"1"
"1300";"'CH04";"8000";"2"
"1300";"'CH05";"11000";"5"
"1300";"'CH06";"4000";"2"
"1300";"'CH07";"2000";"1"
"1300";"'DE11";"21000";"8"
"1300";"'DE12";"16000";"6"
"1300";"'DE13";"16000";"4"
"1300";"'DE14";"20000";"6"
"1300";"'DE21";"20000";"4"
"1300";"'DE22";"7000";"3"
"1300";"'DE23";"15000";"2"
"1300";"'DE24";"14000";"4"
"1300";"'DE25";"26000";"7"
"1300";"'DE26";"11000";"3"
"1300";"'DE27";"38000";"7"
"1300";"'DE30";"5000";"3"
"1300";"'DE40";"15000";"7"
"1300";"'DE50";"13000";"2"
"1300";"'DE60";"5000";"1"
"1300";"'DE712";"44000";"10"
"1300";"'DE73";"9000";"3"
"1300";"'DE80";"45000";"9"
"1300";"'DE912";"50000";"12"
"1300";"'DE93";"13000";"4"
"1300";"'DE94";"20000";"6"
"1300";"'DEA1";"33000";"22"
"1300";"'DEA2";"80000";"11"
"1300";"'DEA3";"26000";"8"
"1300";"'DEA4";"17000";"5"
"1300";"'DEA5";"32000";"10"
"1300";"'DEB1";"12000";"4"
"1300";"'DEB2";"12000";"2"
"1300";"'DEB3";"36000";"9"
"1300";"'DEC0";"3000";"2"
"1300";"'DED2";"19000";"8"
"1300";"'DED4";"19000";"11"
"1300";"'DED5";"7000";"4"
"1300";"'DEE0";"68000";"18"
"1300";"'DEF0";"30000";"11"
"1300";"'DEG0";"41000";"12"
"1300";"'DK01";"5000";"2"
"1300";"'DK02";"7000";"1"
"1300";"'DK03";"6000";"3"
"1300";"'DK04";"5000";"3"
"1300";"'DK05";"2000";"1"
"1300";"'ES11";"36000";"12"
"1300";"'ES12";"13000";"4"
"1300";"'ES13";"6000";"1"
"1300";"'ES21";"8000";"4"
"1300";"'ES22";"18000";"3"
"1300";"'ES23";"13000";"4"
"1300";"'ES24";"50000";"9"
"1300";"'ES30";"20000";"10"
"1300";"'ES41";"171000";"23"
"1300";"'ES42";"119000";"33"
"1300";"'ES43";"55000";"17"
"1300";"'ES51";"123000";"21"
"1300";"'ES52";"117000";"31"
"1300";"'ES53";"29000";"5"
"1300";"'ES61";"491000";"71"
"1300";"'ES62";"38000";"11"
"1300";"'ES70";"0";"4"
"1300";"'FI19";"0";"3"
"1300";"'FI1B";"0";"3"
"1300";"'FI1C";"1000";"2"
"1300";"'FI1D";"0";"1"
"1300";"'FR10";"102000";"13"
"1300";"'FR21";"47000";"12"
"1300";"'FR22";"48000";"9"
"1300";"'FR23";"58000";"12"
"1300";"'FR24";"96000";"19"
"1300";"'FR25";"42000";"15"
"1300";"'FR26";"75000";"16"
"1300";"'FR30";"139000";"25"
"1300";"'FR41";"40000";"12"
"1300";"'FR42";"52000";"10"
"1300";"'FR43";"27000";"10"
"1300";"'FR51";"55000";"17"
"1300";"'FR52";"39000";"13"
"1300";"'FR53";"42000";"9"
"1300";"'FR61";"79000";"19"
"1300";"'FR62";"103000";"21"
"1300";"'FR63";"12000";"6"
"1300";"'FR71";"60000";"20"
"1300";"'FR72";"42000";"13"
"1300";"'FR81";"95000";"19"
"1300";"'FR82";"94000";"26"
"1300";"'FR83";"7000";"4"
"1300";"'FRJ1";"0";"1"
"1300";"'FRL0";"2000";"1"
"1300";"'HR03";"4000";"2"
"1300";"'IE0";"50000";"16"
"1300";"'ITC1";"90000";"35"
"1300";"'ITC2";"3000";"1"
"1300";"'ITC3";"106000";"8"
"1300";"'ITC4";"255000";"14"
"1300";"'ITF1";"49000";"11"
"1300";"'ITF2";"7000";"3"
"1300";"'ITF3";"173000";"40"
"1300";"'ITF4";"148000";"40"
"1300";"'ITF5";"31000";"13"
"1300";"'ITF6";"43000";"15"
"1300";"'ITG1";"361000";"117"
"1300";"'ITG2";"13000";"5"
"1300";"'ITH1+ITH2";"8000";"3"
"1300";"'ITH3";"194000";"13"
"1300";"'ITH4";"12000";"2"
"1300";"'ITH5";"201000";"13"
"1300";"'ITI1";"198000";"14"
"1300";"'ITI2";"73000";"9"
"1300";"'ITI3";"47000";"12"
"1300";"'ITI4";"98000";"21"
"1300";"'NL11";"4000";"2"
"1300";"'NL12";"9000";"5"
"1300";"'NL13";"1000";"2"
"1300";"'NL21";"12000";"4"
"1300";"'NL22";"19000";"9"
"1300";"'NL23";"0";"1"
"1300";"'NL31";"9000";"2"
"1300";"'NL32";"16000";"8"
"1300";"'NL33";"31000";"11"
"1300";"'NL34";"12000";"4"
"1300";"'NL41";"11000";"7"
"1300";"'NL42";"15000";"5"
"1300";"'NO01";"2000";"1"
"1300";"'NO03";"0";"3"
"1300";"'NO04";"1000";"2"
"1300";"'NO05";"7000";"1"
"1300";"'NO06";"1000";"1"
"1300";"'PT11";"37000";"10"
"1300";"'PT15";"17000";"6"
"1300";"'PT16";"37000";"13"
"1300";"'PT17";"43000";"5"
"1300";"'PT18";"43000";"12"
"1300";"'PT30";"0";"1"
"1300";"'SE11";"3000";"1"
"1300";"'SE12";"6000";"5"
"1300";"'SE21";"6000";"3"
"1300";"'SE22";"3000";"3"
"1300";"'SE23";"0";"1"
"1300";"'SE31";"0";"2"
"1300";"'SI02";"2000";"1"
"1300";"'UKC+UKD";"45000";"39"
"1300";"'UKE";"34000";"14"
"1300";"'UKF";"30000";"11"
"1300";"'UKG";"41000";"26"
"1300";"'UKH+UKJ";"87000";"37"
"1300";"'UKI";"74000";"6"
"1300";"'UKK";"50000";"15"
"1300";"'UKL";"1000";"2"
"1300";"'UKM";"24000";"11"
"1300";"'UKM5";"4000";"1"
"1300";"'UKN";"12000";"5"
"1400";"'AT11";"1000";"1"
"1400";"'AT123";"29000";"4"
"1400";"'AT21";"1000";"1"
"1400";"'AT22";"3000";"1"
"1400";"'AT31";"8000";"5"
"1400";"'AT32";"4000";"1"
"1400";"'AT33";"7000";"2"
"1400";"'AT34";"1000";"1"
"1400";"'BE10+BE24+BE31";"61000";"8"
"1400";"'BE21";"30000";"4"
"1400";"'BE22";"8000";"3"
"1400";"'BE23";"90000";"16"
"1400";"'BE25";"69000";"17"
"1400";"'BE32";"57000";"8"
"1400";"'BE33";"21000";"5"
"1400";"'BE34";"1000";"1"
"1400";"'BE35";"12000";"2"
"1400";"'CH01";"17000";"5"
"1400";"'CH02";"11000";"6"
"1400";"'CH03";"10000";"1"
"1400";"'CH04";"6000";"2"
"1400";"'CH05";"9000";"5"
"1400";"'CH06";"2000";"2"
"1400";"'CH07";"1000";"1"
"1400";"'DE11";"29000";"8"
"1400";"'DE12";"9000";"6"
"1400";"'DE13";"13000";"4"
"1400";"'DE14";"21000";"6"
"1400";"'DE21";"12000";"4"
"1400";"'DE22";"14000";"3"
"1400";"'DE23";"11000";"2"
"1400";"'DE24";"11000";"4"
"1400";"'DE25";"21000";"7"
"1400";"'DE26";"10000";"3"
"1400";"'DE27";"27000";"7"
"1400";"'DE30";"6000";"3"
"1400";"'DE40";"11000";"7"
"1400";"'DE50";"7000";"2"
"1400";"'DE60";"8000";"1"
"1400";"'DE712";"30000";"10"
"1400";"'DE73";"5000";"3"
"1400";"'DE80";"43000";"9"
"1400";"'DE912";"47000";"12"
"1400";"'DE93";"8000";"4"
"1400";"'DE94";"12000";"6"
"1400";"'DEA1";"30000";"22"
"1400";"'DEA2";"63000";"11"
"1400";"'DEA3";"18000";"8"
"1400";"'DEA4";"10000";"5"
"1400";"'DEA5";"26000";"10"
"1400";"'DEB1";"7000";"4"
"1400";"'DEB2";"11000";"2"
"1400";"'DEB3";"22000";"9"
"1400";"'DEC0";"2000";"2"
"1400";"'DED2";"25000";"8"
"1400";"'DED4";"15000";"11"
"1400";"'DED5";"7000";"4"
"1400";"'DEE0";"49000";"18"
"1400";"'DEF0";"29000";"11"
"1400";"'DEG0";"32000";"12"
"1400";"'DK01";"5000";"2"
"1400";"'DK02";"5000";"1"
"1400";"'DK03";"5000";"3"
"1400";"'DK04";"3000";"3"
"1400";"'DK05";"1000";"1"
"1400";"'ES11";"22000";"12"
"1400";"'ES12";"9000";"4"
"1400";"'ES13";"6000";"1"
"1400";"'ES21";"6000";"4"
"1400";"'ES22";"11000";"3"
"1400";"'ES23";"9000";"4"
"1400";"'ES24";"41000";"9"
"1400";"'ES30";"16000";"10"
"1400";"'ES41";"132000";"23"
"1400";"'ES42";"108000";"33"
"1400";"'ES43";"47000";"17"
"1400";"'ES51";"88000";"21"
"1400";"'ES52";"114000";"31"
"1400";"'ES53";"18000";"5"
"1400";"'ES61";"359000";"71"
"1400";"'ES62";"24000";"11"
"1400";"'ES70";"0";"4"
"1400";"'FI19";"0";"3"
"1400";"'FI1B";"2000";"3"
"1400";"'FI1C";"2000";"2"
"1400";"'FI1D";"0";"1"
"1400";"'FR10";"72000";"13"
"1400";"'FR21";"33000";"12"
"1400";"'FR22";"31000";"9"
"1400";"'FR23";"38000";"12"
"1400";"'FR24";"81000";"19"
"1400";"'FR25";"30000";"15"
"1400";"'FR26";"46000";"16"
"1400";"'FR30";"89000";"25"
"1400";"'FR41";"26000";"12"
"1400";"'FR42";"45000";"10"
"1400";"'FR43";"17000";"10"
"1400";"'FR51";"36000";"17"
"1400";"'FR52";"33000";"13"
"1400";"'FR53";"32000";"9"
"1400";"'FR61";"67000";"19"
"1400";"'FR62";"67000";"21"
"1400";"'FR63";"8000";"6"
"1400";"'FR71";"41000";"20"
"1400";"'FR72";"30000";"13"
"1400";"'FR81";"60000";"19"
"1400";"'FR82";"70000";"26"
"1400";"'FR83";"11000";"4"
"1400";"'FRJ1";"0";"1"
"1400";"'FRL0";"1000";"1"
"1400";"'HR03";"2000";"2"
"1400";"'IE0";"42000";"16"
"1400";"'ITC1";"64000";"35"
"1400";"'ITC2";"2000";"1"
"1400";"'ITC3";"69000";"8"
"1400";"'ITC4";"209000";"14"
"1400";"'ITF1";"33000";"11"
"1400";"'ITF2";"4000";"3"
"1400";"'ITF3";"116000";"40"
"1400";"'ITF4";"108000";"40"
"1400";"'ITF5";"18000";"13"
"1400";"'ITF6";"28000";"15"
"1400";"'ITG1";"277000";"117"
"1400";"'ITG2";"8000";"5"
"1400";"'ITH1+ITH2";"6000";"3"
"1400";"'ITH3";"136000";"13"
"1400";"'ITH4";"7000";"2"
"1400";"'ITH5";"165000";"13"
"1400";"'ITI1";"145000";"14"
"1400";"'ITI2";"46000";"9"
"1400";"'ITI3";"30000";"12"
"1400";"'ITI4";"84000";"21"
"1400";"'NL11";"5000";"2"
"1400";"'NL12";"7000";"5"
"1400";"'NL13";"1000";"2"
"1400";"'NL21";"14000";"4"
"1400";"'NL22";"23000";"9"
"1400";"'NL23";"0";"1"
"1400";"'NL31";"15000";"2"
"1400";"'NL32";"20000";"8"
"1400";"'NL33";"36000";"11"
"1400";"'NL34";"8000";"4"
"1400";"'NL41";"15000";"7"
"1400";"'NL42";"16000";"5"
"1400";"'NO01";"1000";"1"
"1400";"'NO03";"0";"3"
"1400";"'NO04";"1000";"2"
"1400";"'NO05";"4000";"1"
"1400";"'NO06";"1000";"1"
"1400";"'PT11";"38000";"10"
"1400";"'PT15";"11000";"6"
"1400";"'PT16";"22000";"13"
"1400";"'PT17";"60000";"5"
"1400";"'PT18";"33000";"12"
"1400";"'PT30";"0";"1"
"1400";"'SE11";"5000";"1"
"1400";"'SE12";"6000";"5"
"1400";"'SE21";"4000";"3"
"1400";"'SE22";"4000";"3"
"1400";"'SE23";"0";"1"
"1400";"'SE31";"2000";"2"
"1400";"'SI02";"1000";"1"
"1400";"'UKC+UKD";"35000";"39"
"1400";"'UKE";"28000";"14"
"1400";"'UKF";"22000";"11"
"1400";"'UKG";"32000";"26"
"1400";"'UKH+UKJ";"58000";"37"
"1400";"'UKI";"47000";"6"
"1400";"'UKK";"37000";"15"
"1400";"'UKL";"1000";"2"
"1400";"'UKM";"14000";"11"
"1400";"'UKM5";"3000";"1"
"1400";"'UKN";"7000";"5"
"1500";"'AT11";"2000";"1"
"1500";"'AT123";"27000";"4"
"1500";"'AT21";"1000";"1"
"1500";"'AT22";"5000";"1"
"1500";"'AT31";"14000";"5"
"1500";"'AT32";"7000";"1"
"1500";"'AT33";"21000";"2"
"1500";"'AT34";"0";"1"
"1500";"'BE10+BE24+BE31";"76000";"8"
"1500";"'BE21";"62000";"4"
"1500";"'BE22";"14000";"3"
"1500";"'BE23";"84000";"16"
"1500";"'BE25";"83000";"17"
"1500";"'BE32";"61000";"8"
"1500";"'BE33";"31000";"5"
"1500";"'BE34";"2000";"1"
"1500";"'BE35";"13000";"2"
"1500";"'CH01";"22000";"5"
"1500";"'CH02";"15000";"6"
"1500";"'CH03";"10000";"1"
"1500";"'CH04";"7000";"2"
"1500";"'CH05";"14000";"5"
"1500";"'CH06";"5000";"2"
"1500";"'CH07";"2000";"1"
"1500";"'DE11";"30000";"8"
"1500";"'DE12";"14000";"6"
"1500";"'DE13";"11000";"4"
"1500";"'DE14";"36000";"6"
"1500";"'DE21";"21000";"4"
"1500";"'DE22";"13000";"3"
"1500";"'DE23";"26000";"2"
"1500";"'DE24";"14000";"4"
"1500";"'DE25";"54000";"7"
"1500";"'DE26";"12000";"3"
"1500";"'DE27";"51000";"7"
"1500";"'DE30";"10000";"3"
"1500";"'DE40";"26000";"7"
"1500";"'DE50";"18000";"2"
"1500";"'DE60";"30000";"1"
"1500";"'DE712";"40000";"10"
"1500";"'DE73";"10000";"3"
"1500";"'DE80";"40000";"9"
"1500";"'DE912";"67000";"12"
"1500";"'DE93";"17000";"4"
"1500";"'DE94";"19000";"6"
"1500";"'DEA1";"42000";"22"
"1500";"'DEA2";"79000";"11"
"1500";"'DEA3";"16000";"8"
"1500";"'DEA4";"14000";"5"
"1500";"'DEA5";"33000";"10"
"1500";"'DEB1";"8000";"4"
"1500";"'DEB2";"9000";"2"
"1500";"'DEB3";"30000";"9"
"1500";"'DEC0";"1000";"2"
"1500";"'DED2";"28000";"8"
"1500";"'DED4";"29000";"11"
"1500";"'DED5";"13000";"4"
"1500";"'DEE0";"90000";"18"
"1500";"'DEF0";"43000";"11"
"1500";"'DEG0";"48000";"12"
"1500";"'DK01";"6000";"2"
"1500";"'DK02";"6000";"1"
"1500";"'DK03";"7000";"3"
"1500";"'DK04";"6000";"3"
"1500";"'DK05";"2000";"1"
"1500";"'ES11";"39000";"12"
"1500";"'ES12";"14000";"4"
"1500";"'ES13";"1000";"1"
"1500";"'ES21";"9000";"4"
"1500";"'ES22";"16000";"3"
"1500";"'ES23";"13000";"4"
"1500";"'ES24";"45000";"9"
"1500";"'ES30";"38000";"10"
"1500";"'ES41";"180000";"23"
"1500";"'ES42";"166000";"33"
"1500";"'ES43";"106000";"17"
"1500";"'ES51";"69000";"21"
"1500";"'ES52";"159000";"31"
"1500";"'ES53";"29000";"5"
"1500";"'ES61";"455000";"71"
"1500";"'ES62";"40000";"11"
"1500";"'ES70";"4000";"4"
"1500";"'FI19";"1000";"3"
"1500";"'FI1B";"2000";"3"
"1500";"'FI1C";"3000";"2"
"1500";"'FI1D";"0";"1"
"1500";"'FR10";"124000";"13"
"1500";"'FR21";"51000";"12"
"1500";"'FR22";"61000";"9"
"1500";"'FR23";"61000";"12"
"1500";"'FR24";"132000";"19"
"1500";"'FR25";"47000";"15"
"1500";"'FR26";"55000";"16"
"1500";"'FR30";"134000";"25"
"1500";"'FR41";"36000";"12"
"1500";"'FR42";"60000";"10"
"1500";"'FR43";"24000";"10"
"1500";"'FR51";"64000";"17"
"1500";"'FR52";"48000";"13"
"1500";"'FR53";"52000";"9"
"1500";"'FR61";"102000";"19"
"1500";"'FR62";"97000";"21"
"1500";"'FR63";"11000";"6"
"1500";"'FR71";"84000";"20"
"1500";"'FR72";"39000";"13"
"1500";"'FR81";"63000";"19"
"1500";"'FR82";"115000";"26"
"1500";"'FR83";"5000";"4"
"1500";"'FRJ1";"0";"1"
"1500";"'FRL0";"2000";"1"
"1500";"'HR03";"4000";"2"
"1500";"'IE0";"47000";"16"
"1500";"'ITC1";"134000";"35"
"1500";"'ITC2";"2000";"1"
"1500";"'ITC3";"76000";"8"
"1500";"'ITC4";"300000";"14"
"1500";"'ITF1";"43000";"11"
"1500";"'ITF2";"6000";"3"
"1500";"'ITF3";"236000";"40"
"1500";"'ITF4";"177000";"40"
"1500";"'ITF5";"39000";"13"
"1500";"'ITF6";"42000";"15"
"1500";"'ITG1";"452000";"117"
"1500";"'ITG2";"22000";"5"
"1500";"'ITH1+ITH2";"11000";"3"
"1500";"'ITH3";"222000";"13"
"1500";"'ITH4";"17000";"2"
"1500";"'ITH5";"192000";"13"
"1500";"'ITI1";"153000";"14"
"1500";"'ITI2";"55000";"9"
"1500";"'ITI3";"45000";"12"
"1500";"'ITI4";"126000";"21"
"1500";"'NL11";"14000";"2"
"1500";"'NL12";"14000";"5"
"1500";"'NL13";"1000";"2"
"1500";"'NL21";"22000";"4"
"1500";"'NL22";"32000";"9"
"1500";"'NL23";"0";"1"
"1500";"'NL31";"32000";"2"
"1500";"'NL32";"47000";"8"
"1500";"'NL33";"70000";"11"
"1500";"'NL34";"17000";"4"
"1500";"'NL41";"30000";"7"
"1500";"'NL42";"26000";"5"
"1500";"'NO01";"3000";"1"
"1500";"'NO03";"0";"3"
"1500";"'NO04";"1000";"2"
"1500";"'NO05";"7000";"1"
"1500";"'NO06";"1000";"1"
"1500";"'PT11";"45000";"10"
"1500";"'PT15";"21000";"6"
"1500";"'PT16";"40000";"13"
"1500";"'PT17";"73000";"5"
"1500";"'PT18";"67000";"12"
"1500";"'PT30";"1000";"1"
"1500";"'SE11";"7000";"1"
"1500";"'SE12";"5000";"5"
"1500";"'SE21";"6000";"3"
"1500";"'SE22";"7000";"3"
"1500";"'SE23";"1000";"1"
"1500";"'SE31";"3000";"2"
"1500";"'SI02";"2000";"1"
"1500";"'UKC+UKD";"49000";"39"
"1500";"'UKE";"32000";"14"
"1500";"'UKF";"24000";"11"
"1500";"'UKG";"39000";"26"
"1500";"'UKH+UKJ";"87000";"37"
"1500";"'UKI";"55000";"6"
"1500";"'UKK";"46000";"15"
"1500";"'UKL";"1000";"2"
"1500";"'UKM";"52000";"11"
"1500";"'UKM5";"3000";"1"
"1500";"'UKN";"9000";"5"
"1550";"'AT11";"2000";"1"
"1550";"'AT123";"40000";"4"
"1550";"'AT21";"2000";"1"
"1550";"'AT22";"6000";"1"
"1550";"'AT31";"15000";"5"
"1550";"'AT32";"8000";"1"
"1550";"'AT33";"17000";"2"
"1550";"'AT34";"0";"1"
"1550";"'BE10+BE24+BE31";"74000";"8"
"1550";"'BE21";"63000";"4"
"1550";"'BE22";"14000";"3"
"1550";"'BE23";"85000";"16"
"1550";"'BE25";"81000";"17"
"1550";"'BE32";"54000";"8"
"1550";"'BE33";"36000";"5"
"1550";"'BE34";"2000";"1"
"1550";"'BE35";"13000";"2"
"1550";"'CH01";"25000";"5"
"1550";"'CH02";"17000";"6"
"1550";"'CH03";"10000";"1"
"1550";"'CH04";"8000";"2"
"1550";"'CH05";"14000";"5"
"1550";"'CH06";"6000";"2"
"1550";"'CH07";"3000";"1"
"1550";"'DE11";"33000";"8"
"1550";"'DE12";"13000";"6"
"1550";"'DE13";"15000";"4"
"1550";"'DE14";"38000";"6"
"1550";"'DE21";"26000";"4"
"1550";"'DE22";"15000";"3"
"1550";"'DE23";"25000";"2"
"1550";"'DE24";"16000";"4"
"1550";"'DE25";"57000";"7"
"1550";"'DE26";"14000";"3"
"1550";"'DE27";"58000";"7"
"1550";"'DE30";"10000";"3"
"1550";"'DE40";"29000";"7"
"1550";"'DE50";"19000";"2"
"1550";"'DE60";"35000";"1"
"1550";"'DE712";"51000";"10"
"1550";"'DE73";"12000";"3"
"1550";"'DE80";"40000";"9"
"1550";"'DE912";"64000";"12"
"1550";"'DE93";"20000";"4"
"1550";"'DE94";"22000";"6"
"1550";"'DEA1";"46000";"22"
"1550";"'DEA2";"78000";"11"
"1550";"'DEA3";"16000";"8"
"1550";"'DEA4";"15000";"5"
"1550";"'DEA5";"33000";"10"
"1550";"'DEB1";"8000";"4"
"1550";"'DEB2";"7000";"2"
"1550";"'DEB3";"30000";"9"
"1550";"'DEC0";"1000";"2"
"1550";"'DED2";"33000";"8"
"1550";"'DED4";"32000";"11"
"1550";"'DED5";"18000";"4"
"1550";"'DEE0";"98000";"18"
"1550";"'DEF0";"48000";"11"
"1550";"'DEG0";"53000";"12"
"1550";"'DK01";"15000";"2"
"1550";"'DK02";"7000";"1"
"1550";"'DK03";"9000";"3"
"1550";"'DK04";"8000";"3"
"1550";"'DK05";"3000";"1"
"1550";"'ES11";"40000";"12"
"1550";"'ES12";"17000";"4"
"1550";"'ES13";"2000";"1"
"1550";"'ES21";"11000";"4"
"1550";"'ES22";"20000";"3"
"1550";"'ES23";"17000";"4"
"1550";"'ES24";"50000";"9"
"1550";"'ES30";"61000";"10"
"1550";"'ES41";"194000";"23"
"1550";"'ES42";"219000";"33"
"1550";"'ES43";"108000";"17"
"1550";"'ES51";"74000";"21"
"1550";"'ES52";"164000";"31"
"1550";"'ES53";"34000";"5"
"1550";"'ES61";"543000";"71"
"1550";"'ES62";"46000";"11"
"1550";"'ES70";"6000";"4"
"1550";"'FI19";"1000";"3"
"1550";"'FI1B";"4000";"3"
"1550";"'FI1C";"4000";"2"
"1550";"'FI1D";"0";"1"
"1550";"'FR10";"200000";"13"
"1550";"'FR21";"62000";"12"
"1550";"'FR22";"65000";"9"
"1550";"'FR23";"82000";"12"
"1550";"'FR24";"135000";"19"
"1550";"'FR25";"60000";"15"
"1550";"'FR26";"60000";"16"
"1550";"'FR30";"139000";"25"
"1550";"'FR41";"44000";"12"
"1550";"'FR42";"60000";"10"
"1550";"'FR43";"29000";"10"
"1550";"'FR51";"83000";"17"
"1550";"'FR52";"66000";"13"
"1550";"'FR53";"60000";"9"
"1550";"'FR61";"100000";"19"
"1550";"'FR62";"112000";"21"
"1550";"'FR63";"14000";"6"
"1550";"'FR71";"90000";"20"
"1550";"'FR72";"46000";"13"
"1550";"'FR81";"71000";"19"
"1550";"'FR82";"143000";"26"
"1550";"'FR83";"5000";"4"
"1550";"'FRJ1";"0";"1"
"1550";"'FRL0";"2000";"1"
"1550";"'HR03";"4000";"2"
"1550";"'IE0";"49000";"16"
"1550";"'ITC1";"155000";"35"
"1550";"'ITC2";"3000";"1"
"1550";"'ITC3";"82000";"8"
"1550";"'ITC4";"316000";"14"
"1550";"'ITF1";"49000";"11"
"1550";"'ITF2";"7000";"3"
"1550";"'ITF3";"320000";"40"
"1550";"'ITF4";"230000";"40"
"1550";"'ITF5";"44000";"13"
"1550";"'ITF6";"51000";"15"
"1550";"'ITG1";"577000";"117"
"1550";"'ITG2";"24000";"5"
"1550";"'ITH1+ITH2";"14000";"3"
"1550";"'ITH3";"263000";"13"
"1550";"'ITH4";"16000";"2"
"1550";"'ITH5";"218000";"13"
"1550";"'ITI1";"163000";"14"
"1550";"'ITI2";"52000";"9"
"1550";"'ITI3";"50000";"12"
"1550";"'ITI4";"154000";"21"
"1550";"'NL11";"13000";"2"
"1550";"'NL12";"17000";"5"
"1550";"'NL13";"1000";"2"
"1550";"'NL21";"22000";"4"
"1550";"'NL22";"31000";"9"
"1550";"'NL23";"0";"1"
"1550";"'NL31";"33000";"2"
"1550";"'NL32";"77000";"8"
"1550";"'NL33";"73000";"11"
"1550";"'NL34";"18000";"4"
"1550";"'NL41";"33000";"7"
"1550";"'NL42";"31000";"5"
"1550";"'NO01";"3000";"1"
"1550";"'NO03";"0";"3"
"1550";"'NO04";"1000";"2"
"1550";"'NO05";"7000";"1"
"1550";"'NO06";"1000";"1"
"1550";"'PT11";"49000";"10"
"1550";"'PT15";"23000";"6"
"1550";"'PT16";"45000";"13"
"1550";"'PT17";"103000";"5"
"1550";"'PT18";"72000";"12"
"1550";"'PT30";"1000";"1"
"1550";"'SE11";"8000";"1"
"1550";"'SE12";"6000";"5"
"1550";"'SE21";"6000";"3"
"1550";"'SE22";"6000";"3"
"1550";"'SE23";"1000";"1"
"1550";"'SE31";"4000";"2"
"1550";"'SI02";"3000";"1"
"1550";"'UKC+UKD";"60000";"39"
"1550";"'UKE";"37000";"14"
"1550";"'UKF";"25000";"11"
"1550";"'UKG";"46000";"26"
"1550";"'UKH+UKJ";"99000";"37"
"1550";"'UKI";"105000";"6"
"1550";"'UKK";"49000";"15"
"1550";"'UKL";"1000";"2"
"1550";"'UKM";"57000";"11"
"1550";"'UKM5";"4000";"1"
"1550";"'UKN";"9000";"5"
"1600";"'AT11";"3000";"1"
"1600";"'AT123";"59000";"4"
"1600";"'AT21";"4000";"1"
"1600";"'AT22";"8000";"1"
"1600";"'AT31";"19000";"5"
"1600";"'AT32";"9000";"1"
"1600";"'AT33";"15000";"2"
"1600";"'AT34";"1000";"1"
"1600";"'BE10+BE24+BE31";"78000";"8"
"1600";"'BE21";"67000";"4"
"1600";"'BE22";"16000";"3"
"1600";"'BE23";"83000";"16"
"1600";"'BE25";"79000";"17"
"1600";"'BE32";"49000";"8"
"1600";"'BE33";"46000";"5"
"1600";"'BE34";"2000";"1"
"1600";"'BE35";"14000";"2"
"1600";"'CH01";"29000";"5"
"1600";"'CH02";"19000";"6"
"1600";"'CH03";"11000";"1"
"1600";"'CH04";"10000";"2"
"1600";"'CH05";"16000";"5"
"1600";"'CH06";"6000";"2"
"1600";"'CH07";"3000";"1"
"1600";"'DE11";"35000";"8"
"1600";"'DE12";"14000";"6"
"1600";"'DE13";"18000";"4"
"1600";"'DE14";"40000";"6"
"1600";"'DE21";"30000";"4"
"1600";"'DE22";"15000";"3"
"1600";"'DE23";"24000";"2"
"1600";"'DE24";"19000";"4"
"1600";"'DE25";"58000";"7"
"1600";"'DE26";"17000";"3"
"1600";"'DE27";"69000";"7"
"1600";"'DE30";"12000";"3"
"1600";"'DE40";"31000";"7"
"1600";"'DE50";"21000";"2"
"1600";"'DE60";"40000";"1"
"1600";"'DE712";"66000";"10"
"1600";"'DE73";"17000";"3"
"1600";"'DE80";"46000";"9"
"1600";"'DE912";"64000";"12"
"1600";"'DE93";"23000";"4"
"1600";"'DE94";"28000";"6"
"1600";"'DEA1";"52000";"22"
"1600";"'DEA2";"85000";"11"
"1600";"'DEA3";"21000";"8"
"1600";"'DEA4";"19000";"5"
"1600";"'DEA5";"33000";"10"
"1600";"'DEB1";"10000";"4"
"1600";"'DEB2";"6000";"2"
"1600";"'DEB3";"32000";"9"
"1600";"'DEC0";"2000";"2"
"1600";"'DED2";"40000";"8"
"1600";"'DED4";"42000";"11"
"1600";"'DED5";"27000";"4"
"1600";"'DEE0";"113000";"18"
"1600";"'DEF0";"57000";"11"
"1600";"'DEG0";"62000";"12"
"1600";"'DK01";"45000";"2"
"1600";"'DK02";"8000";"1"
"1600";"'DK03";"11000";"3"
"1600";"'DK04";"13000";"3"
"1600";"'DK05";"6000";"1"
"1600";"'ES11";"46000";"12"
"1600";"'ES12";"26000";"4"
"1600";"'ES13";"4000";"1"
"1600";"'ES21";"13000";"4"
"1600";"'ES22";"22000";"3"
"1600";"'ES23";"21000";"4"
"1600";"'ES24";"54000";"9"
"1600";"'ES30";"106000";"10"
"1600";"'ES41";"229000";"23"
"1600";"'ES42";"307000";"33"
"1600";"'ES43";"123000";"17"
"1600";"'ES51";"83000";"21"
"1600";"'ES52";"181000";"31"
"1600";"'ES53";"39000";"5"
"1600";"'ES61";"713000";"71"
"1600";"'ES62";"59000";"11"
"1600";"'ES70";"8000";"4"
"1600";"'FI19";"2000";"3"
"1600";"'FI1B";"5000";"3"
"1600";"'FI1C";"5000";"2"
"1600";"'FI1D";"1000";"1"
"1600";"'FR10";"338000";"13"
"1600";"'FR21";"74000";"12"
"1600";"'FR22";"72000";"9"
"1600";"'FR23";"108000";"12"
"1600";"'FR24";"149000";"19"
"1600";"'FR25";"79000";"15"
"1600";"'FR26";"72000";"16"
"1600";"'FR30";"159000";"25"
"1600";"'FR41";"59000";"12"
"1600";"'FR42";"64000";"10"
"1600";"'FR43";"38000";"10"
"1600";"'FR51";"113000";"17"
"1600";"'FR52";"92000";"13"
"1600";"'FR53";"72000";"9"
"1600";"'FR61";"105000";"19"
"1600";"'FR62";"136000";"21"
"1600";"'FR63";"16000";"6"
"1600";"'FR71";"107000";"20"
"1600";"'FR72";"57000";"13"
"1600";"'FR81";"92000";"19"
"1600";"'FR82";"184000";"26"
"1600";"'FR83";"7000";"4"
"1600";"'FRJ1";"1000";"1"
"1600";"'FRL0";"3000";"1"
"1600";"'HR03";"5000";"2"
"1600";"'IE0";"55000";"16"
"1600";"'ITC1";"189000";"35"
"1600";"'ITC2";"3000";"1"
"1600";"'ITC3";"92000";"8"
"1600";"'ITC4";"337000";"14"
"1600";"'ITF1";"57000";"11"
"1600";"'ITF2";"9000";"3"
"1600";"'ITF3";"439000";"40"
"1600";"'ITF4";"298000";"40"
"1600";"'ITF5";"60000";"13"
"1600";"'ITF6";"62000";"15"
"1600";"'ITG1";"760000";"117"
"1600";"'ITG2";"30000";"5"
"1600";"'ITH1+ITH2";"14000";"3"
"1600";"'ITH3";"317000";"13"
"1600";"'ITH4";"15000";"2"
"1600";"'ITH5";"253000";"13"
"1600";"'ITI1";"180000";"14"
"1600";"'ITI2";"53000";"9"
"1600";"'ITI3";"54000";"12"
"1600";"'ITI4";"185000";"21"
"1600";"'NL11";"19000";"2"
"1600";"'NL12";"24000";"5"
"1600";"'NL13";"2000";"2"
"1600";"'NL21";"24000";"4"
"1600";"'NL22";"35000";"9"
"1600";"'NL23";"0";"1"
"1600";"'NL31";"37000";"2"
"1600";"'NL32";"155000";"8"
"1600";"'NL33";"145000";"11"
"1600";"'NL34";"34000";"4"
"1600";"'NL41";"31000";"7"
"1600";"'NL42";"34000";"5"
"1600";"'NO01";"3000";"1"
"1600";"'NO03";"1000";"3"
"1600";"'NO04";"3000";"2"
"1600";"'NO05";"8000";"1"
"1600";"'NO06";"2000";"1"
"1600";"'PT11";"57000";"10"
"1600";"'PT15";"26000";"6"
"1600";"'PT16";"55000";"13"
"1600";"'PT17";"142000";"5"
"1600";"'PT18";"81000";"12"
"1600";"'PT30";"2000";"1"
"1600";"'SE11";"9000";"1"
"1600";"'SE12";"8000";"5"
"1600";"'SE21";"6000";"3"
"1600";"'SE22";"6000";"3"
"1600";"'SE23";"2000";"1"
"1600";"'SE31";"6000";"2"
"1600";"'SI02";"5000";"1"
"1600";"'UKC+UKD";"77000";"39"
"1600";"'UKE";"43000";"14"
"1600";"'UKF";"27000";"11"
"1600";"'UKG";"56000";"26"
"1600";"'UKH+UKJ";"124000";"37"
"1600";"'UKI";"209000";"6"
"1600";"'UKK";"52000";"15"
"1600";"'UKL";"3000";"2"
"1600";"'UKM";"71000";"11"
"1600";"'UKM5";"6000";"1"
"1600";"'UKN";"13000";"5"
"1650";"'AT11";"3000";"1"
"1650";"'AT123";"84000";"4"
"1650";"'AT21";"4000";"1"
"1650";"'AT22";"13000";"1"
"1650";"'AT31";"17000";"5"
"1650";"'AT32";"11000";"1"
"1650";"'AT33";"14000";"2"
"1650";"'AT34";"1000";"1"
"1650";"'BE10+BE24+BE31";"93000";"8"
"1650";"'BE21";"81000";"4"
"1650";"'BE22";"15000";"3"
"1650";"'BE23";"93000";"16"
"1650";"'BE25";"91000";"17"
"1650";"'BE32";"52000";"8"
"1650";"'BE33";"54000";"5"
"1650";"'BE34";"2000";"1"
"1650";"'BE35";"15000";"2"
"1650";"'CH01";"30000";"5"
"1650";"'CH02";"22000";"6"
"1650";"'CH03";"13000";"1"
"1650";"'CH04";"10000";"2"
"1650";"'CH05";"20000";"5"
"1650";"'CH06";"8000";"2"
"1650";"'CH07";"3000";"1"
"1650";"'DE11";"36000";"8"
"1650";"'DE12";"15000";"6"
"1650";"'DE13";"17000";"4"
"1650";"'DE14";"34000";"6"
"1650";"'DE21";"32000";"4"
"1650";"'DE22";"17000";"3"
"1650";"'DE23";"24000";"2"
"1650";"'DE24";"20000";"4"
"1650";"'DE25";"59000";"7"
"1650";"'DE26";"19000";"3"
"1650";"'DE27";"56000";"7"
"1650";"'DE30";"25000";"3"
"1650";"'DE40";"29000";"7"
"1650";"'DE50";"24000";"2"
"1650";"'DE60";"53000";"1"
"1650";"'DE712";"82000";"10"
"1650";"'DE73";"17000";"3"
"1650";"'DE80";"39000";"9"
"1650";"'DE912";"66000";"12"
"1650";"'DE93";"22000";"4"
"1650";"'DE94";"27000";"6"
"1650";"'DEA1";"56000";"22"
"1650";"'DEA2";"82000";"11"
"1650";"'DEA3";"20000";"8"
"1650";"'DEA4";"17000";"5"
"1650";"'DEA5";"26000";"10"
"1650";"'DEB1";"9000";"4"
"1650";"'DEB2";"5000";"2"
"1650";"'DEB3";"18000";"9"
"1650";"'DEC0";"2000";"2"
"1650";"'DED2";"48000";"8"
"1650";"'DED4";"40000";"11"
"1650";"'DED5";"28000";"4"
"1650";"'DEE0";"101000";"18"
"1650";"'DEF0";"57000";"11"
"1650";"'DEG0";"66000";"12"
"1650";"'DK01";"55000";"2"
"1650";"'DK02";"4000";"1"
"1650";"'DK03";"9000";"3"
"1650";"'DK04";"14000";"3"
"1650";"'DK05";"5000";"1"
"1650";"'ES11";"46000";"12"
"1650";"'ES12";"20000";"4"
"1650";"'ES13";"3000";"1"
"1650";"'ES21";"16000";"4"
"1650";"'ES22";"22000";"3"
"1650";"'ES23";"16000";"4"
"1650";"'ES24";"54000";"9"
"1650";"'ES30";"121000";"10"
"1650";"'ES41";"160000";"23"
"1650";"'ES42";"200000";"33"
"1650";"'ES43";"93000";"17"
"1650";"'ES51";"83000";"21"
"1650";"'ES52";"168000";"31"
"1650";"'ES53";"45000";"5"
"1650";"'ES61";"640000";"71"
"1650";"'ES62";"71000";"11"
"1650";"'ES70";"14000";"4"
"1650";"'FI19";"2000";"3"
"1650";"'FI1B";"5000";"3"
"1650";"'FI1C";"6000";"2"
"1650";"'FI1D";"1000";"1"
"1650";"'FR10";"426000";"13"
"1650";"'FR21";"83000";"12"
"1650";"'FR22";"83000";"9"
"1650";"'FR23";"105000";"12"
"1650";"'FR24";"151000";"19"
"1650";"'FR25";"84000";"15"
"1650";"'FR26";"74000";"16"
"1650";"'FR30";"183000";"25"
"1650";"'FR41";"63000";"12"
"1650";"'FR42";"63000";"10"
"1650";"'FR43";"40000";"10"
"1650";"'FR51";"133000";"17"
"1650";"'FR52";"103000";"13"
"1650";"'FR53";"70000";"9"
"1650";"'FR61";"111000";"19"
"1650";"'FR62";"146000";"21"
"1650";"'FR63";"19000";"6"
"1650";"'FR71";"144000";"20"
"1650";"'FR72";"63000";"13"
"1650";"'FR81";"105000";"19"
"1650";"'FR82";"231000";"26"
"1650";"'FR83";"9000";"4"
"1650";"'FRJ1";"1000";"1"
"1650";"'FRL0";"3000";"1"
"1650";"'HR03";"6000";"2"
"1650";"'IE0";"82000";"16"
"1650";"'ITC1";"206000";"35"
"1650";"'ITC2";"3000";"1"
"1650";"'ITC3";"91000";"8"
"1650";"'ITC4";"319000";"14"
"1650";"'ITF1";"55000";"11"
"1650";"'ITF2";"10000";"3"
"1650";"'ITF3";"464000";"40"
"1650";"'ITF4";"288000";"40"
"1650";"'ITF5";"62000";"13"
"1650";"'ITF6";"64000";"15"
"1650";"'ITG1";"758000";"117"
"1650";"'ITG2";"35000";"5"
"1650";"'ITH1+ITH2";"14000";"3"
"1650";"'ITH3";"303000";"13"
"1650";"'ITH4";"17000";"2"
"1650";"'ITH5";"248000";"13"
"1650";"'ITI1";"175000";"14"
"1650";"'ITI2";"53000";"9"
"1650";"'ITI3";"55000";"12"
"1650";"'ITI4";"209000";"21"
"1650";"'NL11";"21000";"2"
"1650";"'NL12";"36000";"5"
"1650";"'NL13";"3000";"2"
"1650";"'NL21";"26000";"4"
"1650";"'NL22";"32000";"9"
"1650";"'NL23";"0";"1"
"1650";"'NL31";"39000";"2"
"1650";"'NL32";"203000";"8"
"1650";"'NL33";"214000";"11"
"1650";"'NL34";"47000";"4"
"1650";"'NL41";"33000";"7"
"1650";"'NL42";"34000";"5"
"1650";"'NO01";"3000";"1"
"1650";"'NO03";"4000";"3"
"1650";"'NO04";"3000";"2"
"1650";"'NO05";"9000";"1"
"1650";"'NO06";"3000";"1"
"1650";"'PT11";"63000";"10"
"1650";"'PT15";"22000";"6"
"1650";"'PT16";"61000";"13"
"1650";"'PT17";"166000";"5"
"1650";"'PT18";"89000";"12"
"1650";"'PT30";"3000";"1"
"1650";"'SE11";"19000";"1"
"1650";"'SE12";"10000";"5"
"1650";"'SE21";"7000";"3"
"1650";"'SE22";"6000";"3"
"1650";"'SE23";"3000";"1"
"1650";"'SE31";"7000";"2"
"1650";"'SI02";"7000";"1"
"1650";"'UKC+UKD";"84000";"39"
"1650";"'UKE";"48000";"14"
"1650";"'UKF";"30000";"11"
"1650";"'UKG";"66000";"26"
"1650";"'UKH+UKJ";"141000";"37"
"1650";"'UKI";"350000";"6"
"1650";"'UKK";"61000";"15"
"1650";"'UKL";"3000";"2"
"1650";"'UKM";"85000";"11"
"1650";"'UKM5";"8000";"1"
"1650";"'UKN";"13000";"5"
"1700";"'AT11";"3000";"1"
"1700";"'AT123";"123000";"4"
"1700";"'AT21";"5000";"1"
"1700";"'AT22";"22000";"1"
"1700";"'AT31";"20000";"5"
"1700";"'AT32";"13000";"1"
"1700";"'AT33";"15000";"2"
"1700";"'AT34";"2000";"1"
"1700";"'BE10+BE24+BE31";"116000";"8"
"1700";"'BE21";"98000";"4"
"1700";"'BE22";"16000";"3"
"1700";"'BE23";"112000";"16"
"1700";"'BE25";"104000";"17"
"1700";"'BE32";"57000";"8"
"1700";"'BE33";"64000";"5"
"1700";"'BE34";"3000";"1"
"1700";"'BE35";"17000";"2"
"1700";"'CH01";"33000";"5"
"1700";"'CH02";"25000";"6"
"1700";"'CH03";"15000";"1"
"1700";"'CH04";"11000";"2"
"1700";"'CH05";"22000";"5"
"1700";"'CH06";"8000";"2"
"1700";"'CH07";"3000";"1"
"1700";"'DE11";"41000";"8"
"1700";"'DE12";"24000";"6"
"1700";"'DE13";"16000";"4"
"1700";"'DE14";"30000";"6"
"1700";"'DE21";"34000";"4"
"1700";"'DE22";"17000";"3"
"1700";"'DE23";"24000";"2"
"1700";"'DE24";"22000";"4"
"1700";"'DE25";"64000";"7"
"1700";"'DE26";"21000";"3"
"1700";"'DE27";"50000";"7"
"1700";"'DE30";"57000";"3"
"1700";"'DE40";"29000";"7"
"1700";"'DE50";"27000";"2"
"1700";"'DE60";"70000";"1"
"1700";"'DE712";"97000";"10"
"1700";"'DE73";"18000";"3"
"1700";"'DE80";"38000";"9"
"1700";"'DE912";"73000";"12"
"1700";"'DE93";"19000";"4"
"1700";"'DE94";"27000";"6"
"1700";"'DEA1";"66000";"22"
"1700";"'DEA2";"83000";"11"
"1700";"'DEA3";"23000";"8"
"1700";"'DEA4";"15000";"5"
"1700";"'DEA5";"24000";"10"
"1700";"'DEB1";"11000";"4"
"1700";"'DEB2";"5000";"2"
"1700";"'DEB3";"19000";"9"
"1700";"'DEC0";"3000";"2"
"1700";"'DED2";"69000";"8"
"1700";"'DED4";"41000";"11"
"1700";"'DED5";"29000";"4"
"1700";"'DEE0";"94000";"18"
"1700";"'DEF0";"59000";"11"
"1700";"'DEG0";"72000";"12"
"1700";"'DK01";"69000";"2"
"1700";"'DK02";"2000";"1"
"1700";"'DK03";"8000";"3"
"1700";"'DK04";"17000";"3"
"1700";"'DK05";"4000";"1"
"1700";"'ES11";"53000";"12"
"1700";"'ES12";"16000";"4"
"1700";"'ES13";"2000";"1"
"1700";"'ES21";"19000";"4"
"1700";"'ES22";"23000";"3"
"1700";"'ES23";"14000";"4"
"1700";"'ES24";"58000";"9"
"1700";"'ES30";"158000";"10"
"1700";"'ES41";"123000";"23"
"1700";"'ES42";"143000";"33"
"1700";"'ES43";"76000";"17"
"1700";"'ES51";"98000";"21"
"1700";"'ES52";"170000";"31"
"1700";"'ES53";"50000";"5"
"1700";"'ES61";"646000";"71"
"1700";"'ES62";"87000";"11"
"1700";"'ES70";"21000";"4"
"1700";"'FI19";"2000";"3"
"1700";"'FI1B";"6000";"3"
"1700";"'FI1C";"7000";"2"
"1700";"'FI1D";"1000";"1"
"1700";"'FR10";"565000";"13"
"1700";"'FR21";"95000";"12"
"1700";"'FR22";"94000";"9"
"1700";"'FR23";"112000";"12"
"1700";"'FR24";"157000";"19"
"1700";"'FR25";"94000";"15"
"1700";"'FR26";"81000";"16"
"1700";"'FR30";"222000";"25"
"1700";"'FR41";"71000";"12"
"1700";"'FR42";"65000";"10"
"1700";"'FR43";"44000";"10"
"1700";"'FR51";"159000";"17"
"1700";"'FR52";"128000";"13"
"1700";"'FR53";"91000";"9"
"1700";"'FR61";"126000";"19"
"1700";"'FR62";"162000";"21"
"1700";"'FR63";"25000";"6"
"1700";"'FR71";"210000";"20"
"1700";"'FR72";"77000";"13"
"1700";"'FR81";"131000";"19"
"1700";"'FR82";"297000";"26"
"1700";"'FR83";"12000";"4"
"1700";"'FRJ1";"1000";"1"
"1700";"'FRL0";"4000";"1"
"1700";"'HR03";"8000";"2"
"1700";"'IE0";"160000";"16"
"1700";"'ITC1";"230000";"35"
"1700";"'ITC2";"3000";"1"
"1700";"'ITC3";"92000";"8"
"1700";"'ITC4";"312000";"14"
"1700";"'ITF1";"60000";"11"
"1700";"'ITF2";"12000";"3"
"1700";"'ITF3";"504000";"40"
"1700";"'ITF4";"288000";"40"
"1700";"'ITF5";"71000";"13"
"1700";"'ITF6";"64000";"15"
"1700";"'ITG1";"814000";"117"
"1700";"'ITG2";"42000";"5"
"1700";"'ITH1+ITH2";"14000";"3"
"1700";"'ITH3";"294000";"13"
"1700";"'ITH4";"20000";"2"
"1700";"'ITH5";"249000";"13"
"1700";"'ITI1";"186000";"14"
"1700";"'ITI2";"55000";"9"
"1700";"'ITI3";"60000";"12"
"1700";"'ITI4";"238000";"21"
"1700";"'NL11";"20000";"2"
"1700";"'NL12";"32000";"5"
"1700";"'NL13";"4000";"2"
"1700";"'NL21";"26000";"4"
"1700";"'NL22";"40000";"9"
"1700";"'NL23";"0";"1"
"1700";"'NL31";"37000";"2"
"1700";"'NL32";"271000";"8"
"1700";"'NL33";"223000";"11"
"1700";"'NL34";"44000";"4"
"1700";"'NL41";"33000";"7"
"1700";"'NL42";"28000";"5"
"1700";"'NO01";"4000";"1"
"1700";"'NO03";"9000";"3"
"1700";"'NO04";"3000";"2"
"1700";"'NO05";"10000";"1"
"1700";"'NO06";"5000";"1"
"1700";"'PT11";"74000";"10"
"1700";"'PT15";"22000";"6"
"1700";"'PT16";"70000";"13"
"1700";"'PT17";"196000";"5"
"1700";"'PT18";"102000";"12"
"1700";"'PT30";"4000";"1"
"1700";"'SE11";"40000";"1"
"1700";"'SE12";"16000";"5"
"1700";"'SE21";"8000";"3"
"1700";"'SE22";"13000";"3"
"1700";"'SE23";"5000";"1"
"1700";"'SE31";"9000";"2"
"1700";"'SI02";"10000";"1"
"1700";"'UKC+UKD";"97000";"39"
"1700";"'UKE";"52000";"14"
"1700";"'UKF";"36000";"11"
"1700";"'UKG";"76000";"26"
"1700";"'UKH+UKJ";"164000";"37"
"1700";"'UKI";"589000";"6"
"1700";"'UKK";"78000";"15"
"1700";"'UKL";"4000";"2"
"1700";"'UKM";"103000";"11"
"1700";"'UKM5";"12000";"1"
"1700";"'UKN";"17000";"5"
"1750";"'AT11";"4000";"1"
"1750";"'AT123";"184000";"4"
"1750";"'AT21";"7000";"1"
"1750";"'AT22";"20000";"1"
"1750";"'AT31";"25000";"5"
"1750";"'AT32";"15000";"1"
"1750";"'AT33";"16000";"2"
"1750";"'AT34";"4000";"1"
"1750";"'BE10+BE24+BE31";"94000";"8"
"1750";"'BE21";"75000";"4"
"1750";"'BE22";"15000";"3"
"1750";"'BE23";"115000";"16"
"1750";"'BE25";"110000";"17"
"1750";"'BE32";"59000";"8"
"1750";"'BE33";"82000";"5"
"1750";"'BE34";"3000";"1"
"1750";"'BE35";"17000";"2"
"1750";"'CH01";"39000";"5"
"1750";"'CH02";"31000";"6"
"1750";"'CH03";"16000";"1"
"1750";"'CH04";"13000";"2"
"1750";"'CH05";"27000";"5"
"1750";"'CH06";"10000";"2"
"1750";"'CH07";"4000";"1"
"1750";"'DE11";"48000";"8"
"1750";"'DE12";"41000";"6"
"1750";"'DE13";"19000";"4"
"1750";"'DE14";"37000";"6"
"1750";"'DE21";"51000";"4"
"1750";"'DE22";"19000";"3"
"1750";"'DE23";"24000";"2"
"1750";"'DE24";"31000";"4"
"1750";"'DE25";"66000";"7"
"1750";"'DE26";"25000";"3"
"1750";"'DE27";"54000";"7"
"1750";"'DE30";"118000";"3"
"1750";"'DE40";"47000";"7"
"1750";"'DE50";"28000";"2"
"1750";"'DE60";"90000";"1"
"1750";"'DE712";"125000";"10"
"1750";"'DE73";"27000";"3"
"1750";"'DE80";"41000";"9"
"1750";"'DE912";"90000";"12"
"1750";"'DE93";"19000";"4"
"1750";"'DE94";"27000";"6"
"1750";"'DEA1";"87000";"22"
"1750";"'DEA2";"105000";"11"
"1750";"'DEA3";"30000";"8"
"1750";"'DEA4";"16000";"5"
"1750";"'DEA5";"27000";"10"
"1750";"'DEB1";"14000";"4"
"1750";"'DEB2";"10000";"2"
"1750";"'DEB3";"26000";"9"
"1750";"'DEC0";"5000";"2"
"1750";"'DED2";"97000";"8"
"1750";"'DED4";"57000";"11"
"1750";"'DED5";"44000";"4"
"1750";"'DEE0";"124000";"18"
"1750";"'DEF0";"61000";"11"
"1750";"'DEG0";"83000";"12"
"1750";"'DK01";"84000";"2"
"1750";"'DK02";"2000";"1"
"1750";"'DK03";"9000";"3"
"1750";"'DK04";"23000";"3"
"1750";"'DK05";"5000";"1"
"1750";"'ES11";"77000";"12"
"1750";"'ES12";"26000";"4"
"1750";"'ES13";"3000";"1"
"1750";"'ES21";"25000";"4"
"1750";"'ES22";"24000";"3"
"1750";"'ES23";"19000";"4"
"1750";"'ES24";"74000";"9"
"1750";"'ES30";"188000";"10"
"1750";"'ES41";"134000";"23"
"1750";"'ES42";"184000";"33"
"1750";"'ES43";"98000";"17"
"1750";"'ES51";"160000";"21"
"1750";"'ES52";"255000";"31"
"1750";"'ES53";"62000";"5"
"1750";"'ES61";"773000";"71"
"1750";"'ES62";"130000";"11"
"1750";"'ES70";"29000";"4"
"1750";"'FI19";"2000";"3"
"1750";"'FI1B";"8000";"3"
"1750";"'FI1C";"8000";"2"
"1750";"'FI1D";"2000";"1"
"1750";"'FR10";"625000";"13"
"1750";"'FR21";"105000";"12"
"1750";"'FR22";"100000";"9"
"1750";"'FR23";"137000";"12"
"1750";"'FR24";"171000";"19"
"1750";"'FR25";"110000";"15"
"1750";"'FR26";"104000";"16"
"1750";"'FR30";"245000";"25"
"1750";"'FR41";"111000";"12"
"1750";"'FR42";"83000";"10"
"1750";"'FR43";"63000";"10"
"1750";"'FR51";"180000";"17"
"1750";"'FR52";"145000";"13"
"1750";"'FR53";"98000";"9"
"1750";"'FR61";"153000";"19"
"1750";"'FR62";"178000";"21"
"1750";"'FR63";"37000";"6"
"1750";"'FR71";"241000";"20"
"1750";"'FR72";"101000";"13"
"1750";"'FR81";"164000";"19"
"1750";"'FR82";"306000";"26"
"1750";"'FR83";"18000";"4"
"1750";"'FRJ1";"4000";"1"
"1750";"'FRL0";"4000";"1"
"1750";"'HR03";"10000";"2"
"1750";"'IE0";"293000";"16"
"1750";"'ITC1";"291000";"35"
"1750";"'ITC2";"4000";"1"
"1750";"'ITC3";"118000";"8"
"1750";"'ITC4";"323000";"14"
"1750";"'ITF1";"66000";"11"
"1750";"'ITF2";"15000";"3"
"1750";"'ITF3";"587000";"40"
"1750";"'ITF4";"333000";"40"
"1750";"'ITF5";"81000";"13"
"1750";"'ITF6";"80000";"15"
"1750";"'ITG1";"977000";"117"
"1750";"'ITG2";"51000";"5"
"1750";"'ITH1+ITH2";"17000";"3"
"1750";"'ITH3";"317000";"13"
"1750";"'ITH4";"26000";"2"
"1750";"'ITH5";"261000";"13"
"1750";"'ITI1";"201000";"14"
"1750";"'ITI2";"55000";"9"
"1750";"'ITI3";"71000";"12"
"1750";"'ITI4";"274000";"21"
"1750";"'NL11";"23000";"2"
"1750";"'NL12";"31000";"5"
"1750";"'NL13";"6000";"2"
"1750";"'NL21";"29000";"4"
"1750";"'NL22";"44000";"9"
"1750";"'NL23";"0";"1"
"1750";"'NL31";"39000";"2"
"1750";"'NL32";"268000";"8"
"1750";"'NL33";"195000";"11"
"1750";"'NL34";"42000";"4"
"1750";"'NL41";"42000";"7"
"1750";"'NL42";"32000";"5"
"1750";"'NO01";"7000";"1"
"1750";"'NO03";"16000";"3"
"1750";"'NO04";"5000";"2"
"1750";"'NO05";"14000";"1"
"1750";"'NO06";"7000";"1"
"1750";"'PT11";"88000";"10"
"1750";"'PT15";"32000";"6"
"1750";"'PT16";"81000";"13"
"1750";"'PT17";"203000";"5"
"1750";"'PT18";"117000";"12"
"1750";"'PT30";"6000";"1"
"1750";"'SE11";"70000";"1"
"1750";"'SE12";"16000";"5"
"1750";"'SE21";"9000";"3"
"1750";"'SE22";"17000";"3"
"1750";"'SE23";"10000";"1"
"1750";"'SE31";"8000";"2"
"1750";"'SI02";"10000";"1"
"1750";"'UKC+UKD";"207000";"39"
"1750";"'UKE";"79000";"14"
"1750";"'UKF";"58000";"11"
"1750";"'UKG";"120000";"26"
"1750";"'UKH+UKJ";"200000";"37"
"1750";"'UKI";"703000";"6"
"1750";"'UKK";"132000";"15"
"1750";"'UKL";"5000";"2"
"1750";"'UKM";"144000";"11"
"1750";"'UKM5";"15000";"1"
"1750";"'UKN";"31000";"5"
"1800";"'AT11";"4000";"1"
"1800";"'AT123";"260000";"4"
"1800";"'AT21";"10000";"1"
"1800";"'AT22";"31000";"1"
"1800";"'AT31";"37000";"5"
"1800";"'AT32";"16000";"1"
"1800";"'AT33";"16000";"2"
"1800";"'AT34";"5000";"1"
"1800";"'BE10+BE24+BE31";"115000";"8"
"1800";"'BE21";"101000";"4"
"1800";"'BE22";"16000";"3"
"1800";"'BE23";"152000";"16"
"1800";"'BE25";"143000";"17"
"1800";"'BE32";"68000";"8"
"1800";"'BE33";"81000";"5"
"1800";"'BE34";"3000";"1"
"1800";"'BE35";"19000";"2"
"1800";"'CH01";"43000";"5"
"1800";"'CH02";"34000";"6"
"1800";"'CH03";"15000";"1"
"1800";"'CH04";"18000";"2"
"1800";"'CH05";"29000";"5"
"1800";"'CH06";"7000";"2"
"1800";"'CH07";"4000";"1"
"1800";"'DE11";"57000";"8"
"1800";"'DE12";"53000";"6"
"1800";"'DE13";"21000";"4"
"1800";"'DE14";"43000";"6"
"1800";"'DE21";"56000";"4"
"1800";"'DE22";"22000";"3"
"1800";"'DE23";"29000";"2"
"1800";"'DE24";"40000";"4"
"1800";"'DE25";"81000";"7"
"1800";"'DE26";"33000";"3"
"1800";"'DE27";"60000";"7"
"1800";"'DE30";"181000";"3"
"1800";"'DE40";"79000";"7"
"1800";"'DE50";"37000";"2"
"1800";"'DE60";"130000";"1"
"1800";"'DE712";"165000";"10"
"1800";"'DE73";"31000";"3"
"1800";"'DE80";"69000";"9"
"1800";"'DE912";"99000";"12"
"1800";"'DE93";"22000";"4"
"1800";"'DE94";"38000";"6"
"1800";"'DEA1";"143000";"22"
"1800";"'DEA2";"115000";"11"
"1800";"'DEA3";"39000";"8"
"1800";"'DEA4";"23000";"5"
"1800";"'DEA5";"39000";"10"
"1800";"'DEB1";"22000";"4"
"1800";"'DEB2";"14000";"2"
"1800";"'DEB3";"38000";"9"
"1800";"'DEC0";"12000";"2"
"1800";"'DED2";"106000";"8"
"1800";"'DED4";"64000";"11"
"1800";"'DED5";"44000";"4"
"1800";"'DEE0";"164000";"18"
"1800";"'DEF0";"84000";"11"
"1800";"'DEG0";"91000";"12"
"1800";"'DK01";"106000";"2"
"1800";"'DK02";"2000";"1"
"1800";"'DK03";"10000";"3"
"1800";"'DK04";"32000";"3"
"1800";"'DK05";"6000";"1"
"1800";"'ES11";"97000";"12"
"1800";"'ES12";"35000";"4"
"1800";"'ES13";"15000";"1"
"1800";"'ES21";"35000";"4"
"1800";"'ES22";"27000";"3"
"1800";"'ES23";"18000";"4"
"1800";"'ES24";"99000";"9"
"1800";"'ES30";"192000";"10"
"1800";"'ES41";"137000";"23"
"1800";"'ES42";"213000";"33"
"1800";"'ES43";"108000";"17"
"1800";"'ES51";"262000";"21"
"1800";"'ES52";"330000";"31"
"1800";"'ES53";"72000";"5"
"1800";"'ES61";"963000";"71"
"1800";"'ES62";"146000";"11"
"1800";"'ES70";"31000";"4"
"1800";"'FI19";"5000";"3"
"1800";"'FI1B";"12000";"3"
"1800";"'FI1C";"13000";"2"
"1800";"'FI1D";"3000";"1"
"1800";"'FR10";"639000";"13"
"1800";"'FR21";"128000";"12"
"1800";"'FR22";"113000";"9"
"1800";"'FR23";"166000";"12"
"1800";"'FR24";"182000";"19"
"1800";"'FR25";"145000";"15"
"1800";"'FR26";"139000";"16"
"1800";"'FR30";"273000";"25"
"1800";"'FR41";"147000";"12"
"1800";"'FR42";"106000";"10"
"1800";"'FR43";"82000";"10"
"1800";"'FR51";"215000";"17"
"1800";"'FR52";"141000";"13"
"1800";"'FR53";"115000";"9"
"1800";"'FR61";"210000";"19"
"1800";"'FR62";"209000";"21"
"1800";"'FR63";"52000";"6"
"1800";"'FR71";"246000";"20"
"1800";"'FR72";"114000";"13"
"1800";"'FR81";"195000";"19"
"1800";"'FR82";"334000";"26"
"1800";"'FR83";"27000";"4"
"1800";"'FRJ1";"7000";"1"
"1800";"'FRL0";"3000";"1"
"1800";"'HR03";"12000";"2"
"1800";"'IE0";"441000";"16"
"1800";"'ITC1";"380000";"35"
"1800";"'ITC2";"5000";"1"
"1800";"'ITC3";"128000";"8"
"1800";"'ITC4";"340000";"14"
"1800";"'ITF1";"84000";"11"
"1800";"'ITF2";"19000";"3"
"1800";"'ITF3";"748000";"40"
"1800";"'ITF4";"401000";"40"
"1800";"'ITF5";"95000";"13"
"1800";"'ITF6";"99000";"15"
"1800";"'ITG1";"1162000";"117"
"1800";"'ITG2";"59000";"5"
"1800";"'ITH1+ITH2";"23000";"3"
"1800";"'ITH3";"329000";"13"
"1800";"'ITH4";"41000";"2"
"1800";"'ITH5";"278000";"13"
"1800";"'ITI1";"238000";"14"
"1800";"'ITI2";"66000";"9"
"1800";"'ITI3";"86000";"12"
"1800";"'ITI4";"290000";"21"
"1800";"'NL11";"29000";"2"
"1800";"'NL12";"35000";"5"
"1800";"'NL13";"8000";"2"
"1800";"'NL21";"33000";"4"
"1800";"'NL22";"55000";"9"
"1800";"'NL23";"0";"1"
"1800";"'NL31";"42000";"2"
"1800";"'NL32";"282000";"8"
"1800";"'NL33";"196000";"11"
"1800";"'NL34";"36000";"4"
"1800";"'NL41";"46000";"7"
"1800";"'NL42";"34000";"5"
"1800";"'NO01";"10000";"1"
"1800";"'NO03";"16000";"3"
"1800";"'NO04";"7000";"2"
"1800";"'NO05";"17000";"1"
"1800";"'NO06";"9000";"1"
"1800";"'PT11";"262000";"10"
"1800";"'PT15";"58000";"6"
"1800";"'PT16";"181000";"13"
"1800";"'PT17";"226000";"5"
"1800";"'PT18";"148000";"12"
"1800";"'PT30";"9000";"1"
"1800";"'SE11";"76000";"1"
"1800";"'SE12";"23000";"5"
"1800";"'SE21";"10000";"3"
"1800";"'SE22";"18000";"3"
"1800";"'SE23";"13000";"1"
"1800";"'SE31";"10000";"2"
"1800";"'SI02";"10000";"1"
"1800";"'UKC+UKD";"540000";"39"
"1800";"'UKE";"186000";"14"
"1800";"'UKF";"102000";"11"
"1800";"'UKG";"232000";"26"
"1800";"'UKH+UKJ";"311000";"37"
"1800";"'UKI";"1016000";"6"
"1800";"'UKK";"189000";"15"
"1800";"'UKL";"18000";"2"
"1800";"'UKM";"257000";"11"
"1800";"'UKM5";"27000";"1"
"1800";"'UKN";"55000";"5"
"1850";"'AT11";"6000";"1"
"1850";"'AT123";"455000";"4"
"1850";"'AT21";"12000";"1"
"1850";"'AT22";"55000";"1"
"1850";"'AT31";"60000";"5"
"1850";"'AT32";"17000";"1"
"1850";"'AT33";"18000";"2"
"1850";"'AT34";"8000";"1"
"1850";"'BE10+BE24+BE31";"213000";"8"
"1850";"'BE21";"147000";"4"
"1850";"'BE22";"28000";"3"
"1850";"'BE23";"243000";"16"
"1850";"'BE25";"212000";"17"
"1850";"'BE32";"103000";"8"
"1850";"'BE33";"126000";"5"
"1850";"'BE34";"5000";"1"
"1850";"'BE35";"27000";"2"
"1850";"'CH01";"78000";"5"
"1850";"'CH02";"87000";"6"
"1850";"'CH03";"35000";"1"
"1850";"'CH04";"60000";"2"
"1850";"'CH05";"47000";"5"
"1850";"'CH06";"21000";"2"
"1850";"'CH07";"6000";"1"
"1850";"'DE11";"111000";"8"
"1850";"'DE12";"88000";"6"
"1850";"'DE13";"34000";"4"
"1850";"'DE14";"61000";"6"
"1850";"'DE21";"119000";"4"
"1850";"'DE22";"28000";"3"
"1850";"'DE23";"30000";"2"
"1850";"'DE24";"51000";"4"
"1850";"'DE25";"108000";"7"
"1850";"'DE26";"42000";"3"
"1850";"'DE27";"82000";"7"
"1850";"'DE30";"459000";"3"
"1850";"'DE40";"116000";"7"
"1850";"'DE50";"59000";"2"
"1850";"'DE60";"149000";"1"
"1850";"'DE712";"258000";"10"
"1850";"'DE73";"52000";"3"
"1850";"'DE80";"119000";"9"
"1850";"'DE912";"143000";"12"
"1850";"'DE93";"28000";"4"
"1850";"'DE94";"53000";"6"
"1850";"'DEA1";"318000";"22"
"1850";"'DEA2";"251000";"11"
"1850";"'DEA3";"77000";"8"
"1850";"'DEA4";"43000";"5"
"1850";"'DEA5";"72000";"10"
"1850";"'DEB1";"45000";"4"
"1850";"'DEB2";"23000";"2"
"1850";"'DEB3";"63000";"9"
"1850";"'DEC0";"14000";"2"
"1850";"'DED2";"161000";"8"
"1850";"'DED4";"124000";"11"
"1850";"'DED5";"85000";"4"
"1850";"'DEE0";"290000";"18"
"1850";"'DEF0";"115000";"11"
"1850";"'DEG0";"149000";"12"
"1850";"'DK01";"138000";"2"
"1850";"'DK02";"4000";"1"
"1850";"'DK03";"19000";"3"
"1850";"'DK04";"52000";"3"
"1850";"'DK05";"8000";"1"
"1850";"'ES11";"170000";"12"
"1850";"'ES12";"53000";"4"
"1850";"'ES13";"25000";"1"
"1850";"'ES21";"54000";"4"
"1850";"'ES22";"37000";"3"
"1850";"'ES23";"25000";"4"
"1850";"'ES24";"126000";"9"
"1850";"'ES30";"315000";"10"
"1850";"'ES41";"210000";"23"
"1850";"'ES42";"239000";"33"
"1850";"'ES43";"152000";"17"
"1850";"'ES51";"475000";"21"
"1850";"'ES52";"415000";"31"
"1850";"'ES53";"89000";"5"
"1850";"'ES61";"1212000";"71"
"1850";"'ES62";"172000";"11"
"1850";"'ES70";"68000";"4"
"1850";"'FI19";"11000";"3"
"1850";"'FI1B";"32000";"3"
"1850";"'FI1C";"20000";"2"
"1850";"'FI1D";"6000";"1"
"1850";"'FR10";"1184000";"13"
"1850";"'FR21";"171000";"12"
"1850";"'FR22";"148000";"9"
"1850";"'FR23";"240000";"12"
"1850";"'FR24";"233000";"19"
"1850";"'FR25";"194000";"15"
"1850";"'FR26";"179000";"16"
"1850";"'FR30";"417000";"25"
"1850";"'FR41";"198000";"12"
"1850";"'FR42";"132000";"10"
"1850";"'FR43";"107000";"10"
"1850";"'FR51";"280000";"17"
"1850";"'FR52";"216000";"13"
"1850";"'FR53";"134000";"9"
"1850";"'FR61";"294000";"19"
"1850";"'FR62";"300000";"21"
"1850";"'FR63";"87000";"6"
"1850";"'FR71";"417000";"20"
"1850";"'FR72";"140000";"13"
"1850";"'FR81";"270000";"19"
"1850";"'FR82";"526000";"26"
"1850";"'FR83";"40000";"4"
"1850";"'FRJ1";"18000";"1"
"1850";"'FRL0";"6000";"1"
"1850";"'HR03";"16000";"2"
"1850";"'IE0";"546000";"16"
"1850";"'ITC1";"480000";"35"
"1850";"'ITC2";"7000";"1"
"1850";"'ITC3";"184000";"8"
"1850";"'ITC4";"462000";"14"
"1850";"'ITF1";"115000";"11"
"1850";"'ITF2";"28000";"3"
"1850";"'ITF3";"828000";"40"
"1850";"'ITF4";"566000";"40"
"1850";"'ITF5";"121000";"13"
"1850";"'ITF6";"134000";"15"
"1850";"'ITG1";"1468000";"117"
"1850";"'ITG2";"69000";"5"
"1850";"'ITH1+ITH2";"28000";"3"
"1850";"'ITH3";"369000";"13"
"1850";"'ITH4";"87000";"2"
"1850";"'ITH5";"329000";"13"
"1850";"'ITI1";"333000";"14"
"1850";"'ITI2";"88000";"9"
"1850";"'ITI3";"127000";"12"
"1850";"'ITI4";"363000";"21"
"1850";"'NL11";"42000";"2"
"1850";"'NL12";"52000";"5"
"1850";"'NL13";"13000";"2"
"1850";"'NL21";"52000";"4"
"1850";"'NL22";"94000";"9"
"1850";"'NL23";"0";"1"
"1850";"'NL31";"60000";"2"
"1850";"'NL32";"296000";"8"
"1850";"'NL33";"292000";"11"
"1850";"'NL34";"38000";"4"
"1850";"'NL41";"76000";"7"
"1850";"'NL42";"52000";"5"
"1850";"'NO01";"29000";"1"
"1850";"'NO03";"20000";"3"
"1850";"'NO04";"18000";"2"
"1850";"'NO05";"25000";"1"
"1850";"'NO06";"15000";"1"
"1850";"'PT11";"301000";"10"
"1850";"'PT15";"72000";"6"
"1850";"'PT16";"197000";"13"
"1850";"'PT17";"275000";"5"
"1850";"'PT18";"124000";"12"
"1850";"'PT30";"13000";"1"
"1850";"'SE11";"93000";"1"
"1850";"'SE12";"38000";"5"
"1850";"'SE21";"18000";"3"
"1850";"'SE22";"34000";"3"
"1850";"'SE23";"26000";"1"
"1850";"'SE31";"16000";"2"
"1850";"'SI02";"16000";"1"
"1850";"'UKC+UKD";"1806000";"39"
"1850";"'UKE";"573000";"14"
"1850";"'UKF";"309000";"11"
"1850";"'UKG";"667000";"26"
"1850";"'UKH+UKJ";"759000";"37"
"1850";"'UKI";"2416000";"6"
"1850";"'UKK";"434000";"15"
"1850";"'UKL";"77000";"2"
"1850";"'UKM";"768000";"11"
"1850";"'UKM5";"72000";"1"
"1850";"'UKN";"135000";"5"
"1900";"'AT11";"7000";"1"
"1900";"'AT123";"1538000";"4"
"1900";"'AT21";"36000";"1"
"1900";"'AT22";"169000";"1"
"1900";"'AT31";"140000";"5"
"1900";"'AT32";"49000";"1"
"1900";"'AT33";"57000";"2"
"1900";"'AT34";"13000";"1"
"1900";"'BE10+BE24+BE31";"348000";"8"
"1900";"'BE21";"373000";"4"
"1900";"'BE22";"38000";"3"
"1900";"'BE23";"325000";"16"
"1900";"'BE25";"258000";"17"
"1900";"'BE32";"156000";"8"
"1900";"'BE33";"242000";"5"
"1900";"'BE34";"10000";"1"
"1900";"'BE35";"39000";"2"
"1900";"'CH01";"184000";"5"
"1900";"'CH02";"164000";"6"
"1900";"'CH03";"109000";"1"
"1900";"'CH04";"171000";"2"
"1900";"'CH05";"77000";"5"
"1900";"'CH06";"34000";"2"
"1900";"'CH07";"13000";"1"
"1900";"'DE11";"308000";"8"
"1900";"'DE12";"351000";"6"
"1900";"'DE13";"105000";"4"
"1900";"'DE14";"107000";"6"
"1900";"'DE21";"539000";"4"
"1900";"'DE22";"58000";"3"
"1900";"'DE23";"67000";"2"
"1900";"'DE24";"131000";"4"
"1900";"'DE25";"375000";"7"
"1900";"'DE26";"107000";"3"
"1900";"'DE27";"158000";"7"
"1900";"'DE30";"2034000";"3"
"1900";"'DE40";"272000";"7"
"1900";"'DE50";"181000";"2"
"1900";"'DE60";"706000";"1"
"1900";"'DE712";"968000";"10"
"1900";"'DE73";"133000";"3"
"1900";"'DE80";"217000";"9"
"1900";"'DE912";"538000";"12"
"1900";"'DE93";"68000";"4"
"1900";"'DE94";"123000";"6"
"1900";"'DEA1";"1317000";"22"
"1900";"'DEA2";"660000";"11"
"1900";"'DEA3";"229000";"8"
"1900";"'DEA4";"141000";"5"
"1900";"'DEA5";"355000";"10"
"1900";"'DEB1";"86000";"4"
"1900";"'DEB2";"102000";"2"
"1900";"'DEB3";"240000";"9"
"1900";"'DEC0";"33000";"2"
"1900";"'DED2";"594000";"8"
"1900";"'DED4";"489000";"11"
"1900";"'DED5";"492000";"4"
"1900";"'DEE0";"738000";"18"
"1900";"'DEF0";"325000";"11"
"1900";"'DEG0";"336000";"12"
"1900";"'DK01";"426000";"2"
"1900";"'DK02";"8000";"1"
"1900";"'DK03";"56000";"3"
"1900";"'DK04";"142000";"3"
"1900";"'DK05";"31000";"1"
"1900";"'ES11";"241000";"12"
"1900";"'ES12";"124000";"4"
"1900";"'ES13";"55000";"1"
"1900";"'ES21";"162000";"4"
"1900";"'ES22";"46000";"3"
"1900";"'ES23";"37000";"4"
"1900";"'ES24";"177000";"9"
"1900";"'ES30";"610000";"10"
"1900";"'ES41";"285000";"23"
"1900";"'ES42";"318000";"33"
"1900";"'ES43";"201000";"17"
"1900";"'ES51";"859000";"21"
"1900";"'ES52";"651000";"31"
"1900";"'ES53";"120000";"5"
"1900";"'ES61";"1479000";"71"
"1900";"'ES62";"404000";"11"
"1900";"'ES70";"145000";"4"
"1900";"'FI19";"50000";"3"
"1900";"'FI1B";"132000";"3"
"1900";"'FI1C";"46000";"2"
"1900";"'FI1D";"15000";"1"
"1900";"'FR10";"2953000";"13"
"1900";"'FR21";"320000";"12"
"1900";"'FR22";"240000";"9"
"1900";"'FR23";"354000";"12"
"1900";"'FR24";"339000";"19"
"1900";"'FR25";"221000";"15"
"1900";"'FR26";"289000";"16"
"1900";"'FR30";"867000";"25"
"1900";"'FR41";"313000";"12"
"1900";"'FR42";"337000";"10"
"1900";"'FR43";"157000";"10"
"1900";"'FR51";"460000";"17"
"1900";"'FR52";"340000";"13"
"1900";"'FR53";"221000";"9"
"1900";"'FR61";"505000";"19"
"1900";"'FR62";"445000";"21"
"1900";"'FR63";"162000";"6"
"1900";"'FR71";"964000";"20"
"1900";"'FR72";"177000";"13"
"1900";"'FR81";"385000";"19"
"1900";"'FR82";"996000";"26"
"1900";"'FR83";"57000";"4"
"1900";"'FRJ1";"33000";"1"
"1900";"'FRL0";"30000";"1"
"1900";"'HR03";"18000";"2"
"1900";"'IE0";"539000";"16"
"1900";"'ITC1";"917000";"35"
"1900";"'ITC2";"8000";"1"
"1900";"'ITC3";"584000";"8"
"1900";"'ITC4";"988000";"14"
"1900";"'ITF1";"211000";"11"
"1900";"'ITF2";"34000";"3"
"1900";"'ITF3";"1278000";"40"
"1900";"'ITF4";"932000";"40"
"1900";"'ITF5";"123000";"13"
"1900";"'ITF6";"262000";"15"
"1900";"'ITG1";"2342000";"117"
"1900";"'ITG2";"138000";"5"
"1900";"'ITH1+ITH2";"64000";"3"
"1900";"'ITH3";"581000";"13"
"1900";"'ITH4";"267000";"2"
"1900";"'ITH5";"744000";"13"
"1900";"'ITI1";"764000";"14"
"1900";"'ITI2";"241000";"9"
"1900";"'ITI3";"255000";"12"
"1900";"'ITI4";"682000";"21"
"1900";"'NL11";"76000";"2"
"1900";"'NL12";"66000";"5"
"1900";"'NL13";"24000";"2"
"1900";"'NL21";"93000";"4"
"1900";"'NL22";"202000";"9"
"1900";"'NL23";"0";"1"
"1900";"'NL31";"121000";"2"
"1900";"'NL32";"661000";"8"
"1900";"'NL33";"808000";"11"
"1900";"'NL34";"52000";"4"
"1900";"'NL41";"145000";"7"
"1900";"'NL42";"84000";"5"
"1900";"'NO01";"229000";"1"
"1900";"'NO03";"41000";"3"
"1900";"'NO04";"46000";"2"
"1900";"'NO05";"94000";"1"
"1900";"'NO06";"38000";"1"
"1900";"'PT11";"506000";"10"
"1900";"'PT15";"159000";"6"
"1900";"'PT16";"417000";"13"
"1900";"'PT17";"412000";"5"
"1900";"'PT18";"221000";"12"
"1900";"'PT30";"43000";"1"
"1900";"'SE11";"300000";"1"
"1900";"'SE12";"109000";"5"
"1900";"'SE21";"39000";"3"
"1900";"'SE22";"97000";"3"
"1900";"'SE23";"127000";"1"
"1900";"'SE31";"33000";"2"
"1900";"'SI02";"25000";"1"
"1900";"'UKC+UKD";"3914000";"39"
"1900";"'UKE";"1512000";"14"
"1900";"'UKF";"821000";"11"
"1900";"'UKG";"1308000";"26"
"1900";"'UKH+UKJ";"1376000";"37"
"1900";"'UKI";"6718000";"6"
"1900";"'UKK";"956000";"15"
"1900";"'UKL";"164000";"2"
"1900";"'UKM";"1547000";"11"
"1900";"'UKM5";"154000";"1"
"1900";"'UKN";"411000";"5"
"1950";"'AT11";"8000";"1"
"1950";"'AT123";"1664000";"4"
"1950";"'AT21";"68000";"1"
"1950";"'AT22";"226000";"1"
"1950";"'AT31";"286000";"5"
"1950";"'AT32";"103000";"1"
"1950";"'AT33";"104000";"2"
"1950";"'AT34";"23000";"1"
"1950";"'BE10+BE24+BE31";"426000";"8"
"1950";"'BE21";"384000";"4"
"1950";"'BE22";"62000";"3"
"1950";"'BE23";"446000";"16"
"1950";"'BE25";"335000";"17"
"1950";"'BE32";"191000";"8"
"1950";"'BE33";"250000";"5"
"1950";"'BE34";"11000";"1"
"1950";"'BE35";"42000";"2"
"1950";"'CH01";"293000";"5"
"1950";"'CH02";"255000";"6"
"1950";"'CH03";"184000";"1"
"1950";"'CH04";"427000";"2"
"1950";"'CH05";"114000";"5"
"1950";"'CH06";"55000";"2"
"1950";"'CH07";"28000";"1"
"1950";"'DE11";"803000";"8"
"1950";"'DE12";"668000";"6"
"1950";"'DE13";"179000";"4"
"1950";"'DE14";"205000";"6"
"1950";"'DE21";"901000";"4"
"1950";"'DE22";"102000";"3"
"1950";"'DE23";"155000";"2"
"1950";"'DE24";"246000";"4"
"1950";"'DE25";"575000";"7"
"1950";"'DE26";"141000";"3"
"1950";"'DE27";"296000";"7"
"1950";"'DE30";"3617000";"3"
"1950";"'DE40";"388000";"7"
"1950";"'DE50";"559000";"2"
"1950";"'DE60";"1606000";"1"
"1950";"'DE712";"1743000";"10"
"1950";"'DE73";"218000";"3"
"1950";"'DE80";"477000";"9"
"1950";"'DE912";"1141000";"12"
"1950";"'DE93";"156000";"4"
"1950";"'DE94";"316000";"6"
"1950";"'DEA1";"3108000";"22"
"1950";"'DEA2";"1155000";"11"
"1950";"'DEA3";"756000";"8"
"1950";"'DEA4";"321000";"5"
"1950";"'DEA5";"1014000";"10"
"1950";"'DEB1";"143000";"4"
"1950";"'DEB2";"201000";"2"
"1950";"'DEB3";"387000";"9"
"1950";"'DEC0";"130000";"2"
"1950";"'DED2";"803000";"8"
"1950";"'DED4";"734000";"11"
"1950";"'DED5";"674000";"4"
"1950";"'DEE0";"1117000";"18"
"1950";"'DEF0";"802000";"11"
"1950";"'DEG0";"674000";"12"
"1950";"'DK01";"1009000";"2"
"1950";"'DK02";"26000";"1"
"1950";"'DK03";"90000";"3"
"1950";"'DK04";"322000";"3"
"1950";"'DK05";"89000";"1"
"1950";"'ES11";"588000";"12"
"1950";"'ES12";"249000";"4"
"1950";"'ES13";"102000";"1"
"1950";"'ES21";"409000";"4"
"1950";"'ES22";"89000";"3"
"1950";"'ES23";"77000";"4"
"1950";"'ES24";"334000";"9"
"1950";"'ES30";"1627000";"10"
"1950";"'ES41";"584000";"23"
"1950";"'ES42";"530000";"33"
"1950";"'ES43";"346000";"17"
"1950";"'ES51";"1953000";"21"
"1950";"'ES52";"1142000";"31"
"1950";"'ES53";"206000";"5"
"1950";"'ES61";"2587000";"71"
"1950";"'ES62";"551000";"11"
"1950";"'ES70";"329000";"4"
"1950";"'FI19";"156000";"3"
"1950";"'FI1B";"406000";"3"
"1950";"'FI1C";"177000";"2"
"1950";"'FI1D";"37000";"1"
"1950";"'FR10";"3306000";"13"
"1950";"'FR21";"368000";"12"
"1950";"'FR22";"273000";"9"
"1950";"'FR23";"396000";"12"
"1950";"'FR24";"422000";"19"
"1950";"'FR25";"240000";"15"
"1950";"'FR26";"361000";"16"
"1950";"'FR30";"875000";"25"
"1950";"'FR41";"362000";"12"
"1950";"'FR42";"398000";"10"
"1950";"'FR43";"202000";"10"
"1950";"'FR51";"642000";"17"
"1950";"'FR52";"447000";"13"
"1950";"'FR53";"280000";"9"
"1950";"'FR61";"571000";"19"
"1950";"'FR62";"642000";"21"
"1950";"'FR63";"213000";"6"
"1950";"'FR71";"1194000";"20"
"1950";"'FR72";"249000";"13"
"1950";"'FR81";"447000";"19"
"1950";"'FR82";"1493000";"26"
"1950";"'FR83";"83000";"4"
"1950";"'FRJ1";"33000";"1"
"1950";"'FRL0";"50000";"1"
"1950";"'HR03";"22000";"2"
"1950";"'IE0";"738000";"16"
"1950";"'ITC1";"1429000";"35"
"1950";"'ITC2";"24000";"1"
"1950";"'ITC3";"1015000";"8"
"1950";"'ITC4";"2026000";"14"
"1950";"'ITF1";"332000";"11"
"1950";"'ITF2";"50000";"3"
"1950";"'ITF3";"2068000";"40"
"1950";"'ITF4";"1652000";"40"
"1950";"'ITF5";"172000";"13"
"1950";"'ITF6";"443000";"15"
"1950";"'ITG1";"3050000";"117"
"1950";"'ITG2";"256000";"5"
"1950";"'ITH1+ITH2";"157000";"3"
"1950";"'ITH3";"1021000";"13"
"1950";"'ITH4";"346000";"2"
"1950";"'ITH5";"1293000";"13"
"1950";"'ITI1";"1101000";"14"
"1950";"'ITI2";"375000";"9"
"1950";"'ITI3";"374000";"12"
"1950";"'ITI4";"2094000";"21"
"1950";"'NL11";"128000";"2"
"1950";"'NL12";"102000";"5"
"1950";"'NL13";"46000";"2"
"1950";"'NL21";"195000";"4"
"1950";"'NL22";"376000";"9"
"1950";"'NL23";"0";"1"
"1950";"'NL31";"232000";"2"
"1950";"'NL32";"1135000";"8"
"1950";"'NL33";"1194000";"11"
"1950";"'NL34";"79000";"4"
"1950";"'NL41";"347000";"7"
"1950";"'NL42";"166000";"5"
"1950";"'NO01";"434000";"1"
"1950";"'NO03";"70000";"3"
"1950";"'NO04";"104000";"2"
"1950";"'NO05";"162000";"1"
"1950";"'NO06";"82000";"1"
"1950";"'PT11";"698000";"10"
"1950";"'PT15";"183000";"6"
"1950";"'PT16";"670000";"13"
"1950";"'PT17";"953000";"5"
"1950";"'PT18";"362000";"12"
"1950";"'PT30";"96000";"1"
"1950";"'SE11";"700000";"1"
"1950";"'SE12";"328000";"5"
"1950";"'SE21";"82000";"3"
"1950";"'SE22";"293000";"3"
"1950";"'SE23";"371000";"1"
"1950";"'SE31";"79000";"2"
"1950";"'SI02";"41000";"1"
"1950";"'UKC+UKD";"4649000";"39"
"1950";"'UKE";"1805000";"14"
"1950";"'UKF";"1138000";"11"
"1950";"'UKG";"2507000";"26"
"1950";"'UKH+UKJ";"2135000";"37"
"1950";"'UKI";"8603000";"6"
"1950";"'UKK";"1481000";"15"
"1950";"'UKL";"191000";"2"
"1950";"'UKM";"1964000";"11"
"1950";"'UKM5";"182000";"1"
"1950";"'UKN";"408000";"5"
"2000";"'AT11";"11000";"1"
"2000";"'AT123";"1857000";"4"
"2000";"'AT21";"90000";"1"
"2000";"'AT22";"226000";"1"
"2000";"'AT31";"306000";"5"
"2000";"'AT32";"143000";"1"
"2000";"'AT33";"125000";"2"
"2000";"'AT34";"42000";"1"
"2000";"'BE10+BE24+BE31";"453000";"8"
"2000";"'BE21";"593000";"4"
"2000";"'BE22";"135000";"3"
"2000";"'BE23";"715000";"16"
"2000";"'BE25";"570000";"17"
"2000";"'BE32";"477000";"8"
"2000";"'BE33";"214000";"5"
"2000";"'BE34";"25000";"1"
"2000";"'BE35";"119000";"2"
"2000";"'CH01";"386000";"5"
"2000";"'CH02";"262000";"6"
"2000";"'CH03";"167000";"1"
"2000";"'CH04";"452000";"2"
"2000";"'CH05";"168000";"5"
"2000";"'CH06";"90000";"2"
"2000";"'CH07";"59000";"1"
"2000";"'DE11";"1073000";"8"
"2000";"'DE12";"938000";"6"
"2000";"'DE13";"341000";"4"
"2000";"'DE14";"430000";"6"
"2000";"'DE21";"1367000";"4"
"2000";"'DE22";"155000";"3"
"2000";"'DE23";"170000";"2"
"2000";"'DE24";"237000";"4"
"2000";"'DE25";"801000";"7"
"2000";"'DE26";"250000";"3"
"2000";"'DE27";"448000";"7"
"2000";"'DE30";"3744000";"3"
"2000";"'DE40";"456000";"7"
"2000";"'DE50";"660000";"2"
"2000";"'DE60";"1715000";"1"
"2000";"'DE712";"2298000";"10"
"2000";"'DE73";"291000";"3"
"2000";"'DE80";"605000";"9"
"2000";"'DE912";"1448000";"12"
"2000";"'DE93";"214000";"4"
"2000";"'DE94";"439000";"6"
"2000";"'DEA1";"3667000";"22"
"2000";"'DEA2";"2038000";"11"
"2000";"'DEA3";"990000";"8"
"2000";"'DEA4";"632000";"5"
"2000";"'DEA5";"1603000";"10"
"2000";"'DEB1";"246000";"4"
"2000";"'DEB2";"362000";"2"
"2000";"'DEB3";"546000";"9"
"2000";"'DEC0";"220000";"2"
"2000";"'DED2";"705000";"8"
"2000";"'DED4";"618000";"11"
"2000";"'DED5";"561000";"4"
"2000";"'DEE0";"1037000";"18"
"2000";"'DEF0";"787000";"11"
"2000";"'DEG0";"755000";"12"
"2000";"'DK01";"1116000";"2"
"2000";"'DK02";"52000";"1"
"2000";"'DK03";"180000";"3"
"2000";"'DK04";"529000";"3"
"2000";"'DK05";"120000";"1"
"2000";"'ES11";"1074000";"12"
"2000";"'ES12";"487000";"4"
"2000";"'ES13";"184000";"1"
"2000";"'ES21";"770000";"4"
"2000";"'ES22";"224000";"3"
"2000";"'ES23";"168000";"4"
"2000";"'ES24";"750000";"9"
"2000";"'ES30";"4001000";"10"
"2000";"'ES41";"1183000";"23"
"2000";"'ES42";"815000";"33"
"2000";"'ES43";"464000";"17"
"2000";"'ES51";"3312000";"21"
"2000";"'ES52";"2121000";"31"
"2000";"'ES53";"424000";"5"
"2000";"'ES61";"4016000";"71"
"2000";"'ES62";"816000";"11"
"2000";"'ES70";"652000";"4"
"2000";"'FI19";"401000";"3"
"2000";"'FI1B";"1041000";"3"
"2000";"'FI1C";"275000";"2"
"2000";"'FI1D";"117000";"1"
"2000";"'FR10";"2730000";"13"
"2000";"'FR21";"553000";"12"
"2000";"'FR22";"400000";"9"
"2000";"'FR23";"474000";"12"
"2000";"'FR24";"608000";"19"
"2000";"'FR25";"325000";"15"
"2000";"'FR26";"478000";"16"
"2000";"'FR30";"1003000";"25"
"2000";"'FR41";"393000";"12"
"2000";"'FR42";"522000";"10"
"2000";"'FR43";"271000";"10"
"2000";"'FR51";"881000";"17"
"2000";"'FR52";"648000";"13"
"2000";"'FR53";"353000";"9"
"2000";"'FR61";"595000";"19"
"2000";"'FR62";"869000";"21"
"2000";"'FR63";"265000";"6"
"2000";"'FR71";"1381000";"20"
"2000";"'FR72";"287000";"13"
"2000";"'FR81";"696000";"19"
"2000";"'FR82";"2189000";"26"
"2000";"'FR83";"107000";"4"
"2000";"'FRJ1";"40000";"1"
"2000";"'FRL0";"67000";"1"
"2000";"'HR03";"20000";"2"
"2000";"'IE0";"1021000";"16"
"2000";"'ITC1";"1755000";"35"
"2000";"'ITC2";"34000";"1"
"2000";"'ITC3";"939000";"8"
"2000";"'ITC4";"2155000";"14"
"2000";"'ITF1";"437000";"11"
"2000";"'ITF2";"79000";"3"
"2000";"'ITF3";"2583000";"40"
"2000";"'ITF4";"2184000";"40"
"2000";"'ITF5";"230000";"13"
"2000";"'ITF6";"570000";"15"
"2000";"'ITG1";"3380000";"117"
"2000";"'ITG2";"359000";"5"
"2000";"'ITH1+ITH2";"233000";"3"
"2000";"'ITH3";"1168000";"13"
"2000";"'ITH4";"306000";"2"
"2000";"'ITH5";"1669000";"13"
"2000";"'ITI1";"1243000";"14"
"2000";"'ITI2";"447000";"9"
"2000";"'ITI3";"484000";"12"
"2000";"'ITI4";"3327000";"21"
"2000";"'NL11";"213000";"2"
"2000";"'NL12";"160000";"5"
"2000";"'NL13";"88000";"2"
"2000";"'NL21";"422000";"4"
"2000";"'NL22";"723000";"9"
"2000";"'NL23";"143000";"1"
"2000";"'NL31";"382000";"2"
"2000";"'NL32";"1243000";"8"
"2000";"'NL33";"1863000";"11"
"2000";"'NL34";"122000";"4"
"2000";"'NL41";"903000";"7"
"2000";"'NL42";"340000";"5"
"2000";"'NO01";"509000";"1"
"2000";"'NO03";"117000";"3"
"2000";"'NO04";"270000";"2"
"2000";"'NO05";"229000";"1"
"2000";"'NO06";"179000";"1"
"2000";"'PT11";"895000";"10"
"2000";"'PT15";"208000";"6"
"2000";"'PT16";"794000";"13"
"2000";"'PT17";"1054000";"5"
"2000";"'PT18";"296000";"12"
"2000";"'PT30";"104000";"1"
"2000";"'SE11";"650000";"1"
"2000";"'SE12";"508000";"5"
"2000";"'SE21";"145000";"3"
"2000";"'SE22";"355000";"3"
"2000";"'SE23";"475000";"1"
"2000";"'SE31";"104000";"2"
"2000";"'SI02";"36000";"1"
"2000";"'UKC+UKD";"4129000";"39"
"2000";"'UKE";"1900000";"14"
"2000";"'UKF";"1486000";"11"
"2000";"'UKG";"3090000";"26"
"2000";"'UKH+UKJ";"3506000";"37"
"2000";"'UKI";"7715000";"6"
"2000";"'UKK";"1736000";"15"
"2000";"'UKL";"229000";"2"
"2000";"'UKM";"1687000";"11"
"2000";"'UKM5";"212000";"1"
"2000";"'UKN";"433000";"5"
